date,PM2.5,PM10,SO2,NO2,CO,O3,IAQI,level
2013-01-01,31.15746031746032,56.61544444444445,33.28666666666667,20.212222222222223,61.67777777777778,20.553500000000003,61.67777777777778,2
2013-01-02,30.317619047619043,34.424777777777784,32.620888888888885,18.196527777777778,29.483333333333334,22.186888888888888,34.424777777777784,1
2013-01-03,38.24126984126985,50.7295,53.87738888888889,26.286805555555553,27.519444444444442,19.658722222222224,53.87738888888889,2
2013-01-04,75.83916666666667,72.47122222222222,55.59233333333333,34.49333333333333,20.37777777777778,15.708111111111112,75.83916666666667,2
2013-01-05,52.23305555555556,80.76538888888889,65.16722222222222,41.847500000000004,30.33333333333333,14.393055555555554,80.76538888888889,2
2013-01-06,79.90541666666668,88.85494444444444,56.02305555555556,47.46736111111111,32.383333333333326,12.253388888888887,88.85494444444444,2
2013-01-07,142.05027777777778,116.30294444444444,69.4028888888889,56.85624999999999,43.977777777777774,10.673388888888889,142.05027777777778,3
2013-01-08,64.41194444444446,86.86738888888888,32.717000000000006,50.42069444444444,34.19722222222223,16.147555555555556,86.86738888888888,2
2013-01-09,47.52650793650794,58.60138888888889,41.79577777777777,32.85833333333333,33.425,16.360666666666663,58.60138888888889,2
2013-01-10,111.72458333333333,110.97966666666666,83.20294444444446,55.643888888888895,50.916666666666664,9.005222222222223,111.72458333333333,3
2013-01-11,134.38902777777778,89.25699999999999,57.16577777777778,47.269444444444446,68.9861111111111,17.334055555555555,134.38902777777778,3
2013-01-12,87.34083333333332,115.19361111111111,80.56511111111112,61.11055555555555,71.10833333333335,11.753611111111105,115.19361111111111,3
2013-01-13,267.8712222222222,275.1766666666667,96.07705555555556,102.6066111111111,87.1888888888889,7.272444444444445,275.1766666666667,5
2013-01-14,117.23638888888891,140.97005555555558,70.77766666666668,76.74791666666667,45.105555555555554,10.206333333333333,140.97005555555558,3
2013-01-15,95.3151388888889,97.71883333333332,51.70238888888889,49.141527777777775,63.42499999999998,14.710666666666667,97.71883333333332,2
2013-01-16,208.23344444444447,294.29396825396833,86.68922222222224,84.88958333333335,71.64166666666668,7.481888888888888,294.29396825396833,5
2013-01-17,26.245714285714286,70.36372222222224,49.25255555555555,40.55722222222222,24.544444444444444,14.698500000000001,70.36372222222224,2
2013-01-18,115.95486111111113,99.46433333333331,69.00922222222223,45.07736111111111,38.46944444444445,9.845,115.95486111111113,3
2013-01-19,224.79166666666666,171.29655555555556,78.86116666666666,77.66402777777779,72.14166666666667,6.881611111111112,224.79166666666666,5
2013-01-20,166.52190476190478,109.77861111111112,65.84272222222222,63.99097222222221,46.866666666666674,7.5023888888888886,166.52190476190478,4
2013-01-21,246.59344444444446,146.48794444444445,72.17233333333333,71.29361111111109,61.352777777777774,7.197722222222223,246.59344444444446,5
2013-01-22,152.00936507936507,190.08399999999997,93.80672222222223,70.19916666666667,68.32222222222222,6.606333333333334,190.08399999999997,4
2013-01-23,180.6752380952381,128.23027777777776,82.10983333333334,60.23791666666667,52.5861111111111,9.756055555555555,180.6752380952381,4
2013-01-24,43.398888888888884,60.94905555555556,51.388000000000005,37.44027777777778,37.261111111111106,19.959777777777777,60.94905555555556,2
2013-01-25,64.16875,67.00927777777778,55.54688888888889,32.98847222222223,25.84444444444444,10.754111111111113,67.00927777777778,2
2013-01-26,22.212698412698412,40.330222222222226,17.837888888888887,26.142500000000002,9.247222222222224,14.539333333333332,40.330222222222226,1
2013-01-27,40.792380952380945,74.83711111111111,47.68844444444445,33.34722222222222,21.65833333333333,13.941833333333333,74.83711111111111,2
2013-01-28,49.371746031746035,90.84116666666667,69.39861111111111,39.99930555555556,32.15555555555556,11.984000000000002,90.84116666666667,2
2013-01-29,75.54555555555555,108.85672222222222,63.86622222222222,48.88152777777779,33.1,10.41077777777778,108.85672222222222,3
2013-01-30,162.5774603174603,132.168,84.00616666666667,63.474999999999994,57.78888888888889,7.680166666666666,162.5774603174603,4
2013-01-31,130.9163888888889,126.06816666666668,82.3555,80.15694444444446,61.583333333333336,7.870999999999999,130.9163888888889,3
2013-02-01,74.63291666666666,62.462777777777774,52.16833333333334,42.83847222222222,27.18333333333333,19.18155555555556,74.63291666666666,2
2013-02-02,72.79277777777779,79.0205,74.588,52.43388888888889,31.983333333333334,13.973111111111114,79.0205,2
2013-02-03,205.3662222222222,132.31105555555558,73.67944444444444,60.87888888888888,43.73611111111111,5.439277777777779,205.3662222222222,5
2013-02-04,109.84333333333333,76.18927777777779,53.543388888888884,35.98083333333334,24.58055555555556,18.894111111111112,109.84333333333333,3
2013-02-05,169.09999999999997,106.00111111111111,65.15194444444444,43.90861111111111,39.01666666666667,15.690166666666668,169.09999999999997,4
2013-02-06,142.55986111111113,135.50655555555556,75.54955555555554,39.14069444444445,50.94444444444445,15.383833333333335,142.55986111111113,3
2013-02-07,63.84833333333333,58.13022222222222,48.016333333333336,20.659444444444443,16.002777777777776,25.77916666666667,63.84833333333333,2
2013-02-08,84.87916666666666,71.86494444444443,65.00733333333334,32.904444444444444,21.722222222222225,17.919055555555556,84.87916666666666,2
2013-02-09,149.76458333333335,112.07427777777777,74.4026111111111,40.96902777777778,34.56111111111111,15.821333333333335,149.76458333333335,3
2013-02-10,262.88277777777773,154.87183333333334,75.81266666666667,44.09027777777777,44.386111111111106,17.76338888888889,262.88277777777773,5
2013-02-11,156.52301587301588,91.57294444444445,61.37566666666667,36.440000000000005,31.1,16.742833333333333,156.52301587301588,4
2013-02-12,48.48587301587302,50.09027777777777,30.176444444444446,17.22125,22.044444444444444,27.391944444444448,50.09027777777777,1
2013-02-13,85.54958333333333,73.35177777777778,58.60788888888889,28.472777777777775,33.108333333333334,17.346277777777775,85.54958333333333,2
2013-02-14,111.22861111111112,104.07477777777778,62.18672222222222,35.66597222222222,31.355555555555558,17.281777777777776,111.22861111111112,3
2013-02-15,74.93680555555557,62.650444444444446,50.957277777777776,26.798333333333336,17.766666666666666,22.22088888888889,74.93680555555557,2
2013-02-16,180.40777777777777,116.3848888888889,72.00461111111113,43.86847222222222,38.53611111111111,9.82338888888889,180.40777777777777,4
2013-02-17,131.11513888888888,97.87211111111111,46.18288888888889,33.30638888888889,33.113888888888894,16.62377777777778,131.11513888888888,3
2013-02-18,108.99291666666664,103.96294444444446,57.445777777777785,37.92180555555556,35.552777777777784,20.231555555555556,108.99291666666664,3
2013-02-19,159.728253968254,117.15033333333334,78.43666666666667,46.20791666666666,44.50277777777778,13.458444444444446,159.728253968254,4
2013-02-20,140.32958333333335,105.08555555555556,61.65272222222222,51.381249999999994,29.177777777777774,16.25383333333333,140.32958333333335,3
2013-02-21,131.85805555555555,103.21455555555556,58.804833333333335,40.01361111111112,30.49444444444444,16.868777777777776,131.85805555555555,3
2013-02-22,78.2298611111111,77.53549999999998,44.56022222222222,34.532361111111115,20.11111111111111,25.342722222222218,78.2298611111111,2
2013-02-23,170.08095238095234,120.18355555555554,78.8775,72.55111111111111,35.375,16.755222222222223,170.08095238095234,4
2013-02-24,320.69555555555553,275.4261904761905,100.22894017094018,86.56833333333333,59.033333333333346,17.06083333333333,320.69555555555553,6
2013-02-25,290.2890000000001,185.1341111111111,82.77616666666665,78.83430555555556,55.15555555555556,10.799666666666667,290.2890000000001,5
2013-02-26,174.86301587301588,106.19422222222222,50.20577777777777,45.05458333333333,23.361111111111114,13.853722222222224,174.86301587301588,4
2013-02-27,176.85285714285715,134.10277777777776,54.79811111111111,62.99555555555556,33.9361111111111,14.61438888888889,176.85285714285715,4
2013-02-28,142.33069444444445,135.41133333333335,51.31261111111111,44.56791666666667,33.355555555555554,22.666722222222223,142.33069444444445,3
2013-03-01,26.503968253968253,42.851000000000006,29.853444444444445,22.85625,8.366666666666667,27.76688888888889,42.851000000000006,1
2013-03-02,88.62555555555558,95.89127777777779,69.97722222222222,55.87916666666668,27.73611111111111,15.503333333333332,95.89127777777779,2
2013-03-03,57.74347222222222,85.7175,50.14266666666667,29.00694444444444,18.522222222222222,20.867833333333333,85.7175,2
2013-03-04,47.738095238095234,76.52205555555557,41.852,31.30625,13.12777777777778,23.306277777777776,76.52205555555557,2
2013-03-05,115.96472222222224,120.41927777777778,73.1958888888889,62.82722222222223,36.61944444444445,19.043222222222223,120.41927777777778,3
2013-03-06,97.39708333333333,117.86399999999999,52.97283333333333,47.201944444444436,28.744444444444444,18.40661111111111,117.86399999999999,3
2013-03-07,82.11597222222223,118.50427777777777,53.62238888888889,38.98736111111111,24.30277777777778,22.13988888888889,118.50427777777777,3
2013-03-08,114.35152777777779,177.69722222222222,60.04244444444444,45.19458333333334,22.3,20.361944444444447,177.69722222222222,4
2013-03-09,94.54208333333334,143.59627777777774,37.12544444444444,32.44486111111111,16.994444444444447,25.37011111111111,143.59627777777774,3
2013-03-10,40.237460317460325,66.48811111111112,40.32533333333333,27.53986111111111,9.572222222222223,27.19366666666666,66.48811111111112,2
2013-03-11,79.22027777777778,112.16177777777777,73.82122222222222,56.04111111111112,18.911111111111108,16.323055555555555,112.16177777777777,3
2013-03-12,118.99972222222223,116.28061111111111,62.67155555555556,53.32999999999999,23.09722222222222,14.253111111111112,118.99972222222223,3
2013-03-13,96.96291666666667,83.12188888888889,49.29344444444445,41.415,25.43888888888889,20.65811111111111,96.96291666666667,2
2013-03-14,125.08513888888886,112.43649999999998,62.06688888888889,48.47763888888889,20.841666666666665,16.928277777777776,125.08513888888886,3
2013-03-15,161.35412698412705,143.78455555555553,67.51972222222221,54.018055555555556,31.008333333333336,17.287555555555553,161.35412698412705,4
2013-03-16,226.86299999999997,194.01294444444446,72.33877777777778,75.76736111111111,40.25277777777778,21.320055555555555,226.86299999999997,5
2013-03-17,124.125,101.62733333333334,53.41083333333333,34.744166666666665,26.299999999999997,23.10688888888889,124.125,3
2013-03-18,85.51736111111111,125.19605555555556,42.94700000000001,29.740416666666665,19.56111111111111,24.77711111111111,125.19605555555556,3
2013-03-19,87.8476388888889,123.5785,60.160666666666664,47.65569444444445,29.552777777777784,20.1985,123.5785,3
2013-03-20,70.27374999999999,71.85922222222223,41.696111111111115,30.365138888888886,15.966666666666669,24.524555555555562,71.85922222222223,2
2013-03-21,126.87138888888889,113.24033333333334,65.43644444444445,54.14305555555555,33.63888888888889,20.15122222222222,126.87138888888889,3
2013-03-22,118.1201388888889,122.52183333333333,53.820277777777775,43.898333333333326,22.711111111111112,23.51311111111111,122.52183333333333,3
2013-03-23,97.76874999999998,103.60322222222221,59.30833333333333,40.734166666666674,20.68888888888889,23.00522222222223,103.60322222222221,3
2013-03-24,50.401805555555555,71.02622222222223,44.687444444444445,27.82,12.858333333333336,27.17238888888889,71.02622222222223,2
2013-03-25,97.13458333333332,114.00255555555556,69.59827777777778,52.07361111111111,22.638888888888886,20.9865,114.00255555555556,3
2013-03-26,91.26111111111112,95.32272222222221,60.89244444444444,40.36777777777778,26.05,20.663777777777778,95.32272222222221,2
2013-03-27,157.91095238095238,139.5653888888889,64.25433333333334,47.86986111111111,41.03611111111111,24.161888888888893,157.91095238095238,4
2013-03-28,78.82347222222222,88.54399999999998,34.361000000000004,28.13805555555556,18.122222222222227,33.416444444444444,88.54399999999998,2
2013-03-29,99.83444444444444,115.53488888888889,70.78394444444444,56.41652777777778,23.6,17.302444444444443,115.53488888888889,3
2013-03-30,114.72805555555554,115.40177777777778,59.07583333333334,51.387222222222235,26.899999999999995,22.962222222222223,115.40177777777778,3
2013-03-31,153.52158730158726,138.52494444444443,67.49083333333333,52.14583333333333,32.95,22.14405555555555,153.52158730158726,4
2013-04-01,57.65041666666666,76.48361111111112,28.77711111111111,19.68263888888889,14.02777777777778,30.05127777777778,76.48361111111112,2
2013-04-02,65.60708333333334,85.9625,50.57133333333333,37.87375000000001,25.28333333333333,27.11855555555556,85.9625,2
2013-04-03,130.36916666666664,144.71261111111113,67.43811111111111,61.742777777777775,35.925000000000004,27.234111111111112,144.71261111111113,3
2013-04-04,108.83222222222221,109.29377777777778,42.64033333333333,50.57041666666667,26.075000000000003,25.26100000000001,109.29377777777778,3
2013-04-05,61.64152777777777,60.62844444444445,17.330000000000002,18.89333333333333,11.088888888888889,29.308444444444444,61.64152777777777,2
2013-04-06,17.40031746031746,28.87222222222222,20.21011111111111,16.062916666666666,9.03611111111111,32.038333333333334,32.038333333333334,1
2013-04-07,75.54694444444445,98.91688888888889,56.260777777777776,31.524027777777782,26.863888888888887,24.756888888888895,98.91688888888889,2
2013-04-08,40.66555555555555,83.22999999999999,20.195333333333334,10.743194444444445,10.049999999999999,38.53705555555556,83.22999999999999,2
2013-04-09,15.401587301587302,36.54588888888889,15.37711111111111,8.722916666666668,8.863888888888889,38.91522222222222,38.91522222222222,1
2013-04-10,18.102063492063493,29.164777777777775,18.390555555555554,11.651805555555557,9.25277777777778,33.05616666666666,33.05616666666666,1
2013-04-11,19.3084126984127,39.64888888888889,23.151888888888887,17.83458333333333,10.377777777777778,30.986499999999996,39.64888888888889,1
2013-04-12,39.521269841269834,74.98961111111112,44.79544444444445,27.029722222222222,20.369444444444447,27.596055555555555,74.98961111111112,2
2013-04-13,53.84708333333333,102.0933888888889,49.724333333333334,26.791805555555563,25.286111111111108,25.12622222222222,102.0933888888889,3
2013-04-14,57.29361111111111,104.41733333333333,51.94588888888889,37.343888888888884,23.322222222222223,27.09977777777777,104.41733333333333,3
2013-04-15,118.57680555555555,128.27455555555554,56.25327777777778,43.03944444444444,30.944444444444443,27.86094444444444,128.27455555555554,3
2013-04-16,115.58097222222223,136.93783333333334,55.28355555555555,40.87902777777778,31.286111111111108,37.73455555555556,136.93783333333334,3
2013-04-17,99.6411111111111,109.28838888888889,52.09038888888888,39.39611111111111,29.425,44.005,109.28838888888889,3
2013-04-18,51.538055555555566,81.42711111111112,30.23711111111111,29.69291666666666,20.88611111111111,27.561388888888885,81.42711111111112,2
2013-04-19,37.27238095238095,51.01283333333333,18.667111111111108,30.590833333333336,19.247222222222224,28.12472222222222,51.01283333333333,2
2013-04-20,69.8363888888889,63.08144444444444,27.409666666666666,21.74652777777778,19.84166666666667,34.541500000000006,69.8363888888889,2
2013-04-21,129.13666666666668,101.012,46.85322222222222,31.0001388888889,38.98611111111111,32.11055555555555,129.13666666666668,3
2013-04-22,151.5130158730159,116.411,58.329499999999996,53.44888888888889,36.21666666666667,20.702944444444448,151.5130158730159,4
2013-04-23,130.96194444444444,98.87983333333334,45.753000000000014,28.871249999999996,36.30555555555555,26.3195,130.96194444444444,3
2013-04-24,59.9851388888889,66.97294444444444,29.311555555555557,21.979583333333338,20.733333333333327,31.59427777777778,66.97294444444444,2
2013-04-25,44.15444444444444,54.179833333333335,23.62622222222222,14.245833333333334,12.066666666666666,34.13077777777778,54.179833333333335,2
2013-04-26,70.76694444444445,88.3446111111111,55.85377777777778,40.089861111111105,31.713888888888885,29.53816666666667,88.3446111111111,2
2013-04-27,105.96916666666667,138.481,63.23672222222222,55.487222222222215,32.94722222222222,38.45411111111111,138.481,3
2013-04-28,90.50375000000001,87.26444444444445,46.459111111111106,34.97305555555555,28.166666666666668,45.89233333333333,90.50375000000001,2
2013-04-29,59.45902777777778,70.9701111111111,27.617666666666665,28.16722222222223,16.2,32.155277777777776,70.9701111111111,2
2013-04-30,65.07666666666668,85.91516666666666,39.102666666666664,32.85097222222222,20.683333333333334,32.026444444444444,85.91516666666666,2
2013-05-01,85.57805555555557,100.38272222222223,45.57388888888889,47.5076388888889,23.924999999999997,31.434277777777776,100.38272222222223,2
2013-05-02,105.19666666666667,103.08311111111111,62.768388888888886,63.63569444444444,28.87777777777778,32.12266666666667,105.19666666666667,3
2013-05-03,120.77805555555557,114.6241111111111,53.567499999999995,45.63638888888889,31.38333333333333,37.529944444444446,120.77805555555557,3
2013-05-04,100.07333333333334,93.58022222222222,52.73705555555556,43.10138888888889,28.86111111111111,49.708888888888886,100.07333333333334,2
2013-05-05,101.24249999999998,91.60577777777777,56.62566666666666,40.80166666666666,27.786111111111104,41.590944444444446,101.24249999999998,3
2013-05-06,119.81097222222223,92.85600000000002,56.993222222222215,36.344166666666666,24.369444444444444,49.44472222222222,119.81097222222223,3
2013-05-07,100.6225,91.11477777777777,57.345166666666664,29.65819444444445,19.15,55.01166666666666,100.6225,2
2013-05-08,115.63611111111109,86.03061111111111,55.01766666666667,35.665277777777774,21.375000000000004,34.31916666666667,115.63611111111109,3
2013-05-09,63.88416666666667,62.258722222222225,24.281111111111112,23.00847222222222,10.894444444444444,32.87277777777778,63.88416666666667,2
2013-05-10,48.153015873015875,58.31172222222222,29.770888888888884,18.32847222222222,11.01111111111111,36.55616666666667,58.31172222222222,2
2013-05-11,50.81583333333334,78.9146111111111,43.916444444444444,29.553333333333335,18.34722222222222,34.09927777777778,78.9146111111111,2
2013-05-12,77.57874999999999,99.86683333333332,59.192777777777785,44.547916666666666,22.958333333333332,44.509666666666675,99.86683333333332,2
2013-05-13,87.61444444444444,101.07527777777777,52.539833333333334,48.55083333333333,17.427777777777777,33.90083333333333,101.07527777777777,3
2013-05-14,79.31930555555556,93.73316666666668,34.61600000000001,31.58694444444445,14.208333333333334,41.79827777777778,93.73316666666668,2
2013-05-15,70.30333333333334,103.58144444444444,42.858888888888885,36.954166666666666,18.913888888888888,61.791018518518506,103.58144444444444,3
2013-05-16,56.69097222222223,76.98744444444444,34.42111111111112,25.42611111111111,16.11388888888889,52.812685185185174,76.98744444444444,2
2013-05-17,77.73694444444445,80.45816666666667,50.894444444444446,41.772083333333335,22.51388888888889,43.42666666666668,80.45816666666667,2
2013-05-18,96.89638888888888,79.95855555555556,56.67422222222223,31.563472222222224,29.116666666666674,45.77544444444444,96.89638888888888,2
2013-05-19,98.35194444444446,85.203,30.178333333333327,21.329027777777778,15.391666666666667,37.95338888888889,98.35194444444446,2
2013-05-20,56.16722222222222,68.66455555555555,32.15866666666667,26.036250000000003,13.358333333333336,35.21961111111111,68.66455555555555,2
2013-05-21,79.82513888888889,94.20311111111111,60.008,41.16333333333333,26.752777777777776,53.53324074074075,94.20311111111111,2
2013-05-22,105.66097222222224,104.96011111111112,37.64655555555556,34.51125,26.466666666666665,63.414722222222224,105.66097222222224,3
2013-05-23,74.7325,78.24294444444445,33.526555555555554,32.74319444444445,23.047222222222217,46.625333333333316,78.24294444444445,2
2013-05-24,97.39069444444445,94.22572222222223,46.63311111111111,41.08347222222223,28.400000000000002,42.96161111111112,97.39069444444445,2
2013-05-25,90.57472222222222,95.21066666666667,35.275888888888886,36.966666666666676,21.836111111111112,51.522777777777776,95.21066666666667,2
2013-05-26,166.8879365079365,116.25661111111111,27.779777777777777,38.040277777777774,30.874999999999996,36.27283333333334,166.8879365079365,4
2013-05-27,85.56180555555557,71.38772222222221,23.00911111111111,29.666111111111114,20.833333333333336,39.325944444444445,85.56180555555557,2
2013-05-28,74.27055555555555,65.72272222222222,19.02711111111111,32.05319444444444,17.861111111111114,25.43333333333334,74.27055555555555,2
2013-05-29,35.33571428571428,51.68994444444445,14.719111111111111,15.754027777777779,8.838888888888889,37.95422222222222,51.68994444444445,2
2013-05-30,55.46944444444445,68.43527777777777,43.03333333333333,36.370694444444446,20.458333333333336,39.58861111111111,68.43527777777777,2
2013-05-31,86.3026388888889,77.66116666666667,57.675333333333334,45.060138888888886,25.20277777777778,36.33105555555556,86.3026388888889,2
2013-06-01,126.74583333333332,96.92627777777778,35.49288888888889,32.70583333333333,17.572222222222223,48.00266666666666,126.74583333333332,3
2013-06-02,123.93791666666665,102.53333333333335,44.818999999999996,40.59583333333333,26.533333333333335,71.3987962962963,123.93791666666665,3
2013-06-03,145.02430555555554,110.34261111111111,35.73077777777778,45.77791666666667,21.86388888888889,44.19222222222222,145.02430555555554,3
2013-06-04,157.92031746031745,133.17872222222223,37.461444444444446,48.02125,28.62222222222222,50.088148148148136,157.92031746031745,4
2013-06-05,121.46722222222223,95.05699999999999,39.064,28.915972222222223,25.2,61.51250000000001,121.46722222222223,3
2013-06-06,169.90285714285716,122.92377777777779,31.915333333333336,29.159583333333337,30.544444444444448,58.315,169.90285714285716,4
2013-06-07,140.6745833333333,106.59011111111111,23.930555555555554,36.86416666666666,39.669444444444444,40.0345,140.6745833333333,3
2013-06-08,172.3066666666667,113.35427777777778,24.60077777777778,51.097777777777786,35.36944444444445,30.37255555555555,172.3066666666667,4
2013-06-09,41.871904761904766,48.28233333333333,9.932555555555556,17.205000000000002,18.53611111111111,33.08516666666667,48.28233333333333,1
2013-06-10,41.25333333333334,40.773777777777774,10.377444444444444,18.23333333333333,13.999999999999998,34.5225,41.25333333333334,1
2013-06-11,46.36793650793651,54.05338888888889,16.682777777777776,23.609444444444442,12.588888888888889,37.59272222222222,54.05338888888889,2
2013-06-12,52.33513888888889,67.67466666666667,42.18177777777778,33.38291666666667,20.56111111111111,43.247277777777775,67.67466666666667,2
2013-06-13,62.859444444444435,73.713,37.73011111111111,25.04597222222222,19.08888888888889,70.5600925925926,73.713,2
2013-06-14,87.85624999999997,94.64955555555555,47.65633333333333,29.79041666666667,21.461111111111112,92.1675,94.64955555555555,2
2013-06-15,120.20347222222222,108.70088888888888,51.94466666666666,30.612777777777772,23.41111111111111,106.16818181818182,120.20347222222222,3
2013-06-16,119.9102777777778,99.82733333333333,51.47105555555555,27.63708333333334,22.952777777777776,107.14202020202019,119.9102777777778,3
2013-06-17,222.0922222222222,161.4226111111111,31.701333333333338,41.16902777777778,36.422222222222224,48.36405555555556,222.0922222222222,5
2013-06-18,92.9161111111111,86.08205555555554,27.579111111111107,30.773194444444442,18.880555555555553,48.882000000000005,92.9161111111111,2
2013-06-19,55.89666666666667,71.49277777777777,19.781333333333333,28.648333333333333,10.511111111111111,41.050444444444445,71.49277777777777,2
2013-06-20,37.021428571428565,55.0295,18.918444444444443,32.08486111111111,8.833333333333334,47.95222222222222,55.0295,2
2013-06-21,57.482499999999995,51.171277777777775,16.477666666666668,24.273194444444446,12.094444444444445,45.714722222222235,57.482499999999995,2
2013-06-22,30.62650793650794,37.96666666666666,7.571555555555555,20.28236111111111,10.786111111111111,46.306166666666655,46.306166666666655,1
2013-06-23,71.38291666666666,71.43855555555555,27.28,29.420000000000005,15.597222222222221,56.23879629629632,71.43855555555555,2
2013-06-24,83.48361111111113,82.77872222222223,42.04844444444445,27.010416666666668,19.80833333333333,59.42833333333334,83.48361111111113,2
2013-06-25,130.67527777777778,112.99272222222224,51.21011111111112,33.65416666666667,24.51111111111111,59.97092592592594,130.67527777777778,3
2013-06-26,55.053333333333335,69.56488888888887,43.01555555555555,29.702499999999997,13.91388888888889,55.00833333333334,69.56488888888887,2
2013-06-27,43.88666666666667,64.73627777777779,27.270555555555557,31.2375,9.86111111111111,57.01972222222223,64.73627777777779,2
2013-06-28,78.19624999999999,89.75283333333333,40.698,33.565694444444446,14.083333333333334,84.9448148148148,89.75283333333333,2
2013-06-29,77.18097222222222,80.50438888888888,32.92655555555556,20.75902777777778,12.886111111111113,97.6437037037037,97.6437037037037,2
2013-06-30,86.5098611111111,86.47694444444446,33.12555555555556,20.712638888888886,12.616666666666667,67.86703703703704,86.5098611111111,2
2013-07-01,96.55458333333334,91.449,25.800777777777782,22.88361111111111,15.319444444444446,48.71777777777779,96.55458333333334,2
2013-07-02,36.120158730158735,46.492555555555555,11.163222222222224,14.853194444444446,10.991666666666667,43.57455555555554,46.492555555555555,1
2013-07-03,49.97126984126984,69.76688888888887,31.278000000000002,29.20222222222222,13.736111111111112,68.21962962962962,69.76688888888887,2
2013-07-04,61.93208333333334,80.42761111111112,38.30433333333334,26.914166666666667,17.569444444444446,77.99212962962963,80.42761111111112,2
2013-07-05,30.045238095238094,51.77761111111111,13.889111111111111,20.162777777777773,8.558333333333334,49.67038888888888,51.77761111111111,2
2013-07-06,65.11805555555557,75.92877777777778,35.08777777777778,31.34722222222223,15.280555555555555,70.26111111111109,75.92877777777778,2
2013-07-07,94.37097222222222,86.71433333333334,41.65177777777777,33.94152777777778,16.716666666666665,94.88388888888889,94.88388888888889,2
2013-07-08,89.49013888888891,83.53222222222223,29.415777777777777,26.59375,19.508333333333336,52.84546296296295,89.49013888888891,2
2013-07-09,51.070277777777775,51.37361111111112,6.061111111111111,19.122083333333332,14.194444444444446,35.081944444444446,51.37361111111112,2
2013-07-10,44.182380952380946,36.99555555555555,5.064444444444444,19.928194444444447,13.422222222222224,30.421388888888888,44.182380952380946,1
2013-07-11,58.01027777777779,52.34305555555555,6.240999999999999,27.018333333333327,17.591666666666665,26.378055555555555,58.01027777777779,2
2013-07-12,75.2548611111111,66.12972222222223,12.636000000000001,35.537777777777784,19.950000000000003,26.413166666666665,75.2548611111111,2
2013-07-13,83.36222222222221,73.03672222222221,11.863,37.64375,25.38333333333333,26.574444444444442,83.36222222222221,2
2013-07-14,71.07208333333332,77.01927777777777,7.131,25.720694444444444,19.947222222222223,35.06338888888889,77.01927777777777,2
2013-07-15,88.0922222222222,80.97999999999999,19.287333333333333,37.03652777777778,23.019444444444446,22.98155555555556,88.0922222222222,2
2013-07-16,27.58857142857143,41.86600000000001,13.788888888888886,19.101805555555554,13.724999999999998,38.43344444444445,41.86600000000001,1
2013-07-17,41.84285714285715,64.06338888888888,23.649888888888885,23.156249999999996,13.26111111111111,58.56694444444443,64.06338888888888,2
2013-07-18,61.08472222222222,67.85944444444445,12.987666666666664,27.833333333333332,16.25,40.74433333333334,67.85944444444445,2
2013-07-19,71.38999999999999,63.39755555555555,13.489222222222223,13.16625,13.863888888888889,48.25166666666666,71.38999999999999,2
2013-07-20,79.35625,81.99272222222223,18.519666666666666,28.090277777777782,17.05833333333333,54.17240740740741,81.99272222222223,2
2013-07-21,104.85541666666666,98.94466666666668,15.19111111111111,21.017361111111107,21.4,62.6987037037037,104.85541666666666,3
2013-07-22,80.89055555555557,93.14205555555557,17.041,22.048333333333332,19.18888888888889,48.388444444444445,93.14205555555557,2
2013-07-23,44.33555555555556,53.24388888888889,17.567444444444448,19.583333333333332,14.377777777777778,49.723833333333324,53.24388888888889,2
2013-07-24,69.39555555555555,73.86527777777778,26.09255555555556,26.33125,21.124999999999996,50.936944444444435,73.86527777777778,2
2013-07-25,85.38861111111112,85.35511111111111,22.625333333333334,36.880694444444444,21.391666666666666,36.28616666666667,85.38861111111112,2
2013-07-26,86.38097222222223,79.65455555555556,19.205,37.31875,29.00833333333333,28.447222222222223,86.38097222222223,2
2013-07-27,66.08680555555556,76.78705555555555,13.629666666666665,29.376944444444444,23.03611111111111,23.59255555555556,76.78705555555555,2
2013-07-28,39.794920634920636,57.95272222222223,13.773222222222223,21.06736111111111,12.3,36.52522222222222,57.95272222222223,2
2013-07-29,42.52476190476191,57.666722222222226,20.65422222222222,28.12152777777778,19.552777777777774,32.220111111111116,57.666722222222226,2
2013-07-30,54.528055555555554,62.59155555555555,31.503555555555554,28.050416666666667,20.072222222222223,48.03150000000001,62.59155555555555,2
2013-07-31,75.70194444444445,74.49700000000001,25.51811111111111,30.65513888888889,19.041666666666668,51.80898148148149,75.70194444444445,2
2013-08-01,53.37194444444445,55.00255555555556,31.563888888888886,28.442777777777774,17.549999999999997,43.82033333333334,55.00255555555556,2
2013-08-02,107.54611111111112,78.70144444444443,45.114777777777775,31.982083333333332,27.949999999999992,40.70783333333333,107.54611111111112,3
2013-08-03,49.01507936507937,53.766333333333336,28.820888888888888,26.452499999999997,19.172222222222224,46.69833333333335,53.766333333333336,2
2013-08-04,60.43708333333332,64.34983333333334,34.52733333333333,35.21958333333333,20.09722222222222,44.92705555555554,64.34983333333334,2
2013-08-05,58.037638888888885,59.574555555555555,30.695333333333334,34.59416666666667,19.080555555555552,47.70333333333334,59.574555555555555,2
2013-08-06,81.05277777777778,70.70838888888889,29.029444444444447,21.913194444444443,19.23888888888889,42.76572222222222,81.05277777777778,2
2013-08-07,61.12597222222223,69.29361111111112,14.89888888888889,22.596527777777776,20.497222222222224,32.15672222222222,69.29361111111112,2
2013-08-08,48.74285714285713,54.655833333333334,27.52944444444444,22.58319444444444,21.411111111111115,35.728833333333334,54.655833333333334,2
2013-08-09,69.06888888888889,68.34916666666666,35.43011111111111,29.889861111111117,22.25,40.679944444444445,69.06888888888889,2
2013-08-10,74.72541666666667,76.4511111111111,37.39833333333333,34.31513888888888,21.136111111111113,45.70044444444445,76.4511111111111,2
2013-08-11,87.81763888888888,75.7215,26.61077777777778,28.00861111111111,26.725000000000005,42.03577777777778,87.81763888888888,2
2013-08-12,33.279206349206355,45.97422222222222,27.426333333333332,25.607916666666664,21.694444444444446,33.68666666666667,45.97422222222222,1
2013-08-13,62.09847222222223,61.875388888888885,26.582666666666665,22.89652777777778,18.224999999999998,41.221666666666664,62.09847222222223,2
2013-08-14,72.71541666666667,64.48833333333334,24.009444444444444,19.615000000000002,19.033333333333335,46.75733333333333,72.71541666666667,2
2013-08-15,79.20541666666668,71.30094444444444,29.120222222222225,23.51763888888889,24.522222222222222,50.45851851851852,79.20541666666668,2
2013-08-16,71.94152777777778,68.4988888888889,31.635444444444445,26.353055555555557,29.63055555555556,40.657833333333336,71.94152777777778,2
2013-08-17,42.314126984126986,55.64877777777778,19.77,23.48361111111111,9.072222222222221,36.48338888888889,55.64877777777778,2
2013-08-18,23.346031746031745,52.207388888888886,20.682333333333332,32.947361111111114,13.408333333333333,37.119277777777775,52.207388888888886,2
2013-08-19,29.104761904761908,60.22233333333333,27.945333333333327,37.74069444444444,15.10277777777778,44.54366666666667,60.22233333333333,2
2013-08-20,54.40555555555555,66.84794444444444,33.264,31.42041666666667,22.722222222222225,45.13833333333334,66.84794444444444,2
2013-08-21,89.37694444444445,86.13038888888889,42.723888888888894,40.44902777777777,28.663888888888888,45.67077777777777,89.37694444444445,2
2013-08-22,102.55083333333333,91.73466666666667,40.04477777777778,34.64527777777778,32.61944444444444,37.76233333333334,102.55083333333333,3
2013-08-23,56.32819444444444,68.97772222222224,25.25377777777778,30.91944444444444,20.888888888888886,36.79327777777778,68.97772222222224,2
2013-08-24,32.52444444444444,62.27572222222222,31.727111111111114,41.86958333333333,20.60833333333333,27.785055555555555,62.27572222222222,2
2013-08-25,28.83269841269841,56.28244444444445,26.904666666666667,28.868472222222227,16.93888888888889,36.166555555555554,56.28244444444445,2
2013-08-26,53.420138888888886,68.86755555555555,31.441555555555553,35.77763888888889,23.08611111111111,37.493722222222225,68.86755555555555,2
2013-08-27,111.03291666666667,101.92238888888889,41.8658888888889,44.75166666666668,33.375,37.81999999999999,111.03291666666667,3
2013-08-28,60.01611111111111,61.08105555555556,21.439444444444444,22.90486111111111,24.71944444444444,31.134166666666662,61.08105555555556,2
2013-08-29,31.825396825396833,51.32333333333334,22.37688888888889,18.486527777777777,15.086111111111112,29.617611111111113,51.32333333333334,2
2013-08-30,18.014444444444443,36.47144444444444,20.071555555555552,27.566249999999997,10.447222222222223,29.212500000000006,36.47144444444444,1
2013-08-31,25.375396825396827,52.67133333333334,23.673111111111112,32.59833333333333,11.552777777777779,32.34261111111111,52.67133333333334,2
2013-09-01,43.70968253968254,66.05311111111112,35.91677777777778,42.72125,20.71388888888889,37.45655555555555,66.05311111111112,2
2013-09-02,74.04138888888889,82.09494444444445,43.75322222222221,50.00416666666667,31.222222222222225,39.38533333333333,82.09494444444445,2
2013-09-03,110.97583333333331,94.89455555555556,38.13,40.32388888888889,30.81388888888889,40.40011111111111,110.97583333333331,3
2013-09-04,67.27083333333333,63.77744444444445,35.529666666666664,39.22666666666667,28.869444444444444,29.67438888888889,67.27083333333333,2
2013-09-05,34.29809523809524,44.97466666666665,20.584666666666667,19.31125,14.233333333333334,33.61794444444444,44.97466666666665,1
2013-09-06,55.06250000000001,67.09433333333334,34.72244444444444,31.226388888888884,22.09166666666667,32.20905555555556,67.09433333333334,2
2013-09-07,128.54791666666665,104.76344444444445,41.900333333333336,32.308194444444446,34.638888888888886,41.63305555555556,128.54791666666665,3
2013-09-08,120.58999999999999,94.08777777777777,33.33122222222222,28.566805555555554,32.763888888888886,36.35011111111111,120.58999999999999,3
2013-09-09,63.327638888888885,64.65772222222222,33.309333333333335,32.126250000000006,25.827777777777776,37.257333333333335,64.65772222222222,2
2013-09-10,71.18375,67.84094444444443,23.943555555555555,27.774305555555554,19.544444444444444,34.45616666666667,71.18375,2
2013-09-11,79.72722222222222,82.10149999999999,32.666999999999994,42.565833333333345,29.33333333333333,29.42816666666667,82.10149999999999,2
2013-09-12,98.92430555555555,87.53133333333335,37.00588888888889,36.385000000000005,37.74166666666667,36.34188888888889,98.92430555555555,2
2013-09-13,49.42079365079365,59.218944444444446,25.784333333333333,29.172638888888883,25.32222222222222,32.72327777777778,59.218944444444446,2
2013-09-14,69.48777777777778,74.52983333333333,23.081111111111113,38.42763888888889,23.04722222222222,30.858166666666666,74.52983333333333,2
2013-09-15,73.22555555555556,77.48244444444444,25.240555555555556,37.563472222222224,23.022222222222222,35.827111111111115,77.48244444444444,2
2013-09-16,65.52791666666667,66.12444444444444,23.595,45.47152777777778,25.99722222222222,28.308555555555557,66.12444444444444,2
2013-09-17,101.09208333333333,84.21222222222224,27.105555555555558,35.65722222222222,34.958333333333336,24.26505555555555,101.09208333333333,3
2013-09-18,105.58611111111111,80.37533333333334,18.95566666666667,26.97,38.269444444444446,31.707333333333334,105.58611111111111,3
2013-09-19,79.04333333333334,67.662,18.566555555555553,19.83486111111111,27.32222222222222,37.407888888888884,79.04333333333334,2
2013-09-20,78.46402777777779,68.90605555555555,17.947333333333333,21.337361111111115,20.777777777777775,30.256500000000003,78.46402777777779,2
2013-09-21,41.670634920634924,43.26355555555555,10.352444444444446,12.546805555555558,16.35,29.380055555555558,43.26355555555555,1
2013-09-22,58.434444444444445,58.101333333333336,15.921888888888894,29.961805555555554,21.636111111111113,19.14988888888889,58.434444444444445,2
2013-09-23,45.78698412698414,46.050777777777775,12.177666666666667,21.00125,19.87777777777778,16.075722222222222,46.050777777777775,1
2013-09-24,23.165555555555553,35.99655555555555,19.54677777777778,19.7725,14.011111111111111,19.664888888888886,35.99655555555555,1
2013-09-25,20.969999999999995,42.995444444444445,22.776555555555557,23.052500000000002,14.43888888888889,24.323055555555555,42.995444444444445,1
2013-09-26,37.131904761904764,58.56633333333333,32.69922222222221,35.227777777777774,20.530555555555555,25.641722222222224,58.56633333333333,2
2013-09-27,69.70986111111111,77.99716666666669,49.617555555555555,48.07527777777777,32.74722222222222,25.038944444444443,77.99716666666669,2
2013-09-28,150.3396825396825,114.17094444444444,53.55972222222222,61.12791666666667,46.08055555555555,24.92811111111111,150.3396825396825,3
2013-09-29,215.4518888888889,135.0233333333333,30.450333333333333,50.28569444444444,46.64722222222222,23.548055555555553,215.4518888888889,5
2013-09-30,217.77366666666668,130.37216666666666,34.790777777777784,54.8586111111111,41.24166666666667,23.536611111111114,217.77366666666668,5
2013-10-01,106.49847222222222,83.15883333333332,20.495666666666665,42.030972222222225,27.638888888888886,25.569777777777777,106.49847222222222,3
2013-10-02,40.71793650793651,57.15872222222222,17.567333333333334,39.711666666666666,15.2,23.25522222222222,57.15872222222222,2
2013-10-03,75.88263888888889,85.48499999999999,36.41188888888889,53.74805555555557,29.480555555555554,23.611722222222223,85.48499999999999,2
2013-10-04,89.73263888888889,85.28783333333334,34.367999999999995,46.85027777777778,30.45,26.36588888888889,89.73263888888889,2
2013-10-05,208.01677777777778,140.97261111111112,30.981111111111108,75.10763888888889,40.175,26.58,208.01677777777778,5
2013-10-06,230.3611111111111,152.70222222222225,27.02788888888888,63.14305555555556,38.78333333333333,28.517777777777777,230.3611111111111,5
2013-10-07,188.50698412698412,121.40955555555557,30.199111111111105,52.70958333333333,37.175000000000004,30.763388888888883,188.50698412698412,4
2013-10-08,130.9477777777778,93.53416666666665,24.299666666666663,44.22611111111112,30.26388888888889,20.813888888888886,130.9477777777778,3
2013-10-09,132.4948611111111,99.65788888888889,53.082833333333326,53.58388888888889,43.78333333333333,26.925166666666666,132.4948611111111,3
2013-10-10,75.57333333333332,82.56550000000001,22.247444444444444,23.87972222222222,19.944444444444446,26.062055555555556,82.56550000000001,2
2013-10-11,56.82944444444445,73.98633333333333,42.11855555555555,52.63430555555556,24.675000000000004,19.615333333333332,73.98633333333333,2
2013-10-12,108.3613888888889,105.12305555555555,47.357555555555564,65.13888888888889,31.83611111111111,18.81738888888889,108.3613888888889,3
2013-10-13,118.07916666666665,99.5706111111111,40.35655555555556,58.42916666666667,34.96388888888888,22.180833333333336,118.07916666666665,3
2013-10-14,47.156666666666666,50.35333333333334,13.95488888888889,28.521805555555556,20.03611111111111,13.555000000000001,50.35333333333334,1
2013-10-15,41.14126984126984,51.22911111111111,16.560666666666666,26.661527777777774,16.21388888888889,14.063777777777778,51.22911111111111,2
2013-10-16,64.95555555555556,72.73888888888888,42.54933333333334,38.62694444444445,27.35,12.670333333333334,72.73888888888888,2
2013-10-17,114.75375,94.61183333333334,53.14772222222223,50.56236111111111,36.325,11.404888888888891,114.75375,3
2013-10-18,152.55952380952382,112.35694444444444,57.54783333333334,60.12583333333335,41.87222222222223,13.6535,152.55952380952382,4
2013-10-19,56.14097222222223,62.717,30.763777777777776,29.388888888888896,17.994444444444444,21.1905,62.717,2
2013-10-20,37.31777777777778,57.782111111111114,40.86922222222223,35.45791666666666,18.972222222222225,14.638611111111112,57.782111111111114,2
2013-10-21,80.98875,85.184,57.92388888888889,57.36291666666666,28.98888888888889,11.043833333333332,85.184,2
2013-10-22,108.05902777777777,98.67427777777777,59.15661111111111,63.10027777777779,34.552777777777784,15.190888888888887,108.05902777777777,3
2013-10-23,48.89301587301587,65.26772222222222,36.053444444444445,35.42222222222223,15.286111111111111,21.418722222222218,65.26772222222222,2
2013-10-24,39.12380952380953,58.688,42.01322222222222,38.798333333333325,14.330555555555557,19.955055555555557,58.688,2
2013-10-25,57.057638888888896,70.29866666666666,49.86244444444444,43.51916666666666,23.675,19.391833333333334,70.29866666666666,2
2013-10-26,86.72402777777778,91.30566666666667,66.34327777777779,68.09194444444444,35.25,15.698277777777777,91.30566666666667,2
2013-10-27,140.30458333333334,117.30044444444445,79.96349999999998,78.95861111111113,52.47777777777779,14.430611111111112,140.30458333333334,3
2013-10-28,138.23444444444448,102.93811111111111,63.294222222222224,76.51541666666667,39.983333333333334,14.900277777777779,138.23444444444448,3
2013-10-29,152.21365079365083,111.575,51.567277777777775,82.84236111111112,46.69999999999999,14.519555555555556,152.21365079365083,4
2013-10-30,133.72972222222222,100.47405555555557,54.03005555555556,78.12527777777777,41.18055555555556,12.986444444444444,133.72972222222222,3
2013-10-31,149.0240277777778,107.21205555555555,67.34822222222223,97.86958333333332,51.48888888888889,6.875722222222223,149.0240277777778,3
2013-11-01,154.92095238095237,101.29733333333334,57.26222222222222,93.69930555555555,69.46944444444443,4.1258333333333335,154.92095238095237,4
2013-11-02,91.15388888888889,73.00022222222222,53.0415,34.35,39.386111111111106,14.912611111111111,91.15388888888889,2
2013-11-03,43.33222222222222,53.83888888888889,50.15727777777778,31.189027777777778,22.325000000000003,19.195999999999998,53.83888888888889,2
2013-11-04,52.54652777777778,67.4613888888889,70.77938888888889,65.83138888888888,29.2,13.462055555555558,70.77938888888889,2
2013-11-05,82.95583333333333,74.55099999999999,69.89655555555555,33.606111111111105,33.94444444444445,15.652277777777774,82.95583333333333,2
2013-11-06,53.05166666666666,65.57605555555556,59.61933333333334,27.297222222222217,25.697222222222223,20.091833333333334,65.57605555555556,2
2013-11-07,45.794444444444444,64.74783333333333,61.269499999999994,44.38152777777778,27.51388888888889,16.81683333333333,64.74783333333333,2
2013-11-08,99.33916666666667,101.3578888888889,86.4685,70.59138888888889,42.516666666666666,11.145611111111112,101.3578888888889,3
2013-11-09,94.87069444444444,86.95594444444444,60.40622222222222,62.792500000000004,38.23888888888889,11.487777777777778,94.87069444444444,2
2013-11-10,18.82190476190476,32.13366666666666,39.88788888888889,23.755555555555556,14.847222222222223,21.909055555555554,39.88788888888889,1
2013-11-11,31.870317460317455,54.80588888888889,60.693,35.44152777777777,23.036111111111115,17.96022222222222,60.693,2
2013-11-12,67.42819444444446,80.92600000000002,75.15372222222223,51.24805555555555,37.87222222222223,12.859944444444444,80.92600000000002,2
2013-11-13,84.64833333333334,88.39722222222221,74.00144444444445,50.611805555555556,42.41944444444444,11.267111111111113,88.39722222222221,2
2013-11-14,46.72920634920634,71.76577777777779,32.457666666666675,19.53847222222222,17.747222222222224,21.37783333333333,71.76577777777779,2
2013-11-15,78.10708333333334,94.61588888888889,61.785500000000006,31.68416666666667,28.64166666666667,16.798444444444442,94.61588888888889,2
2013-11-16,41.77650793650793,66.88094444444445,34.12055555555555,17.176111111111112,15.77222222222222,22.458444444444446,66.88094444444445,2
2013-11-17,31.004126984126984,49.71044444444444,54.53511111111111,25.57777777777778,22.675,17.273555555555557,54.53511111111111,2
2013-11-18,33.95412698412698,53.80311111111111,67.48844444444444,34.99097222222222,21.238888888888887,15.383111111111111,67.48844444444444,2
2013-11-19,74.5001388888889,81.54872222222221,71.60455555555555,52.21458333333332,36.96388888888889,10.315333333333333,81.54872222222221,2
2013-11-20,100.04736111111109,98.38666666666667,84.20466666666667,71.49791666666668,43.59444444444445,8.159333333333334,100.04736111111109,2
2013-11-21,98.50680555555556,93.99661111111111,80.64022222222223,65.54347222222222,46.513888888888886,8.250833333333334,98.50680555555556,2
2013-11-22,101.86097222222223,96.46666666666667,89.6105,64.45041666666665,52.86388888888889,11.060166666666667,101.86097222222223,3
2013-11-23,141.70166666666665,113.60972222222222,107.83873504273504,76.89847222222222,65.45277777777777,10.485,141.70166666666665,3
2013-11-24,43.058253968253965,71.61516666666668,34.84144444444444,21.683333333333334,22.538888888888884,19.195611111111113,71.61516666666668,2
2013-11-25,20.613015873015865,44.23666666666667,29.27344444444445,19.38458333333333,25.75,21.265666666666664,44.23666666666667,1
2013-11-26,44.96301587301588,60.88922222222222,57.62244444444445,30.47861111111111,37.980555555555554,14.574499999999999,60.88922222222222,2
2013-11-27,11.21952380952381,31.566888888888894,18.073111111111114,11.050555555555555,23.791666666666668,24.715166666666665,31.566888888888894,1
2013-11-28,16.246190476190474,34.648555555555554,31.657333333333337,17.575555555555553,23.35,23.40355555555556,34.648555555555554,1
2013-11-29,57.62083333333333,61.5045,80.36522222222223,39.20944444444444,42.958333333333336,15.208111111111112,80.36522222222223,2
2013-11-30,65.62152777777779,65.98905555555555,94.40944444444445,46.28166666666667,38.775000000000006,15.383444444444445,94.40944444444445,2
2013-12-01,66.5536111111111,71.06294444444444,91.92061111111111,48.97763888888889,41.59444444444445,12.084000000000001,91.92061111111111,2
2013-12-02,93.49666666666666,89.5946111111111,99.67061111111111,65.54166666666667,56.499999999999986,8.9755,99.67061111111111,2
2013-12-03,70.92069444444445,72.32994444444444,89.61016666666667,55.38166666666666,44.08055555555556,14.74511111111111,89.61016666666667,2
2013-12-04,88.56569444444445,86.71911111111112,77.40744444444445,60.51638888888889,49.82499999999999,13.572444444444443,88.56569444444445,2
2013-12-05,99.19638888888889,91.16544444444445,88.49449999999999,67.30944444444444,53.827777777777776,11.695833333333335,99.19638888888889,2
2013-12-06,83.50833333333334,79.10783333333333,85.55322222222222,53.33861111111111,54.0,11.818777777777777,85.55322222222222,2
2013-12-07,86.34541666666665,96.00766666666667,88.70316666666668,69.69583333333333,55.28611111111111,11.792722222222224,96.00766666666667,2
2013-12-08,80.54083333333334,78.812,78.39544444444445,53.02694444444445,46.849999999999994,13.019833333333333,80.54083333333334,2
2013-12-09,17.472063492063494,38.22977777777778,42.94744444444444,19.750833333333333,21.975,19.643944444444443,42.94744444444444,1
2013-12-10,40.09301587301587,57.88133333333334,61.96772222222222,28.348888888888887,28.022222222222222,18.138444444444445,61.96772222222222,2
2013-12-11,20.516507936507935,48.09666666666667,35.25511111111111,19.82097222222222,18.302777777777777,19.331555555555557,48.09666666666667,1
2013-12-12,42.63904761904762,54.40772222222222,55.72,29.950694444444444,20.877777777777776,17.4455,55.72,2
2013-12-13,58.995555555555555,59.73883333333333,55.95938888888888,30.954722222222223,27.000000000000007,13.25788888888889,59.73883333333333,2
2013-12-14,54.90458333333333,61.70927777777778,59.53716666666667,35.95472222222222,27.53611111111111,13.301944444444443,61.70927777777778,2
2013-12-15,55.31569444444444,66.70233333333334,57.786944444444444,42.502500000000005,30.008333333333336,11.721166666666669,66.70233333333334,2
2013-12-16,140.7,106.92761111111112,69.35805555555555,64.54333333333334,59.90833333333333,8.780944444444444,140.7,3
2013-12-17,202.34388888888887,123.56538888888889,62.99594444444444,78.71305555555556,75.92222222222222,8.216722222222222,202.34388888888887,5
2013-12-18,74.52666666666667,62.50177777777778,41.04555555555556,40.30458333333335,38.375,16.710555555555555,74.52666666666667,2
2013-12-19,65.03125,68.5201111111111,63.87622222222222,41.559999999999995,30.511111111111116,16.154555555555557,68.5201111111111,2
2013-12-20,65.4413888888889,72.46455555555556,60.919333333333334,42.90569444444445,33.76666666666667,14.665611111111112,72.46455555555556,2
2013-12-21,102.54041666666666,97.73811111111111,76.54916666666668,62.409166666666664,55.14166666666665,11.780222222222221,102.54041666666666,3
2013-12-22,126.46555555555557,109.18755555555555,87.11627777777778,64.06402777777778,68.4888888888889,10.599833333333333,126.46555555555557,3
2013-12-23,111.94583333333334,91.50038888888886,74.72333333333333,51.55222222222222,53.92777777777778,8.531777777777776,111.94583333333334,3
2013-12-24,141.83777777777777,110.40133333333334,91.71055555555556,68.54944444444445,67.7361111111111,6.951333333333333,141.83777777777777,3
2013-12-25,186.1769841269841,104.168,80.11044444444445,46.037916666666675,64.2388888888889,13.650277777777779,186.1769841269841,4
2013-12-26,12.984444444444444,27.813888888888886,20.093888888888888,14.144305555555556,11.233333333333334,22.561722222222226,27.813888888888886,1
2013-12-27,39.6188888888889,45.17011111111111,57.98233333333334,26.916666666666664,20.450000000000003,15.845277777777776,57.98233333333334,2
2013-12-28,34.16587301587301,41.085,48.630333333333326,24.111527777777777,17.269444444444446,18.62688888888889,48.630333333333326,1
2013-12-29,36.833333333333336,54.710166666666666,55.29988888888889,22.71944444444445,22.433333333333337,18.182777777777776,55.29988888888889,2
2013-12-30,39.59365079365079,59.506499999999996,41.15344444444444,24.00166666666667,22.830555555555556,18.122611111111112,59.506499999999996,2
2013-12-31,30.94317460317461,60.78483333333333,24.946444444444452,18.09152777777778,19.26388888888889,21.29077777777778,60.78483333333333,2
2014-01-01,55.09541666666667,60.551,50.17494444444445,25.690694444444443,33.13611111111111,16.676222222222222,60.551,2
2014-01-02,63.24749999999999,62.568777777777775,63.038555555555554,41.06319444444445,37.94722222222222,13.006944444444443,63.24749999999999,2
2014-01-03,56.12555555555556,59.90705555555556,54.72333333333333,41.262638888888894,25.541666666666668,15.148166666666668,59.90705555555556,2
2014-01-04,72.09555555555556,66.34594444444444,61.363277777777775,36.80652777777778,38.519444444444446,12.749500000000003,72.09555555555556,2
2014-01-05,63.468333333333334,69.57572222222223,56.87783333333333,48.172499999999985,33.711111111111116,11.154944444444446,69.57572222222223,2
2014-01-06,137.20402777777778,115.00922222222222,75.75722222222223,75.9877777777778,48.86111111111111,7.849777777777779,137.20402777777778,3
2014-01-07,131.47555555555556,114.89744444444443,70.0995,64.70416666666667,56.275,8.34211111111111,131.47555555555556,3
2014-01-08,55.38597222222222,67.80083333333334,46.303888888888885,34.3423611111111,28.424999999999994,15.48627777777778,67.80083333333334,2
2014-01-09,37.168412698412695,59.45038888888889,52.94199999999999,36.48319444444444,32.013888888888886,12.889111111111111,59.45038888888889,2
2014-01-10,61.382777777777775,68.5831111111111,65.14627777777778,44.62986111111111,34.84166666666667,10.295944444444444,68.5831111111111,2
2014-01-11,67.51083333333334,74.66905555555556,67.18644444444445,40.247638888888886,42.35,12.136333333333335,74.66905555555556,2
2014-01-12,39.40698412698412,57.25577777777778,48.03677777777778,31.044305555555553,28.18611111111111,15.326833333333333,57.25577777777778,2
2014-01-13,59.31458333333333,67.10122222222222,63.422000000000004,43.748194444444444,40.891666666666666,11.619777777777777,67.10122222222222,2
2014-01-14,83.04513888888889,89.69005555555556,75.02911111111112,54.63694444444445,51.26666666666667,8.584277777777777,89.69005555555556,2
2014-01-15,104.25694444444446,108.10388888888887,84.07511111111111,68.61222222222221,57.574999999999996,8.44288888888889,108.10388888888887,3
2014-01-16,130.31333333333333,110.11777777777777,90.87211111111112,62.66902777777777,64.58055555555556,9.55661111111111,130.31333333333333,3
2014-01-17,79.2448611111111,83.40383333333332,60.48388888888889,36.02152777777778,50.16111111111111,14.24611111111111,83.40383333333332,2
2014-01-18,119.97097222222223,97.46238888888891,69.11133333333333,62.605000000000004,57.266666666666666,12.202444444444444,119.97097222222223,3
2014-01-19,92.06111111111112,116.25133333333332,58.055,42.8,51.75555555555555,16.92538888888889,116.25133333333332,3
2014-01-20,13.97888888888889,39.901444444444444,20.506444444444448,14.335138888888888,19.341666666666665,22.314111111111107,39.901444444444444,1
2014-01-21,39.199841269841265,61.417833333333334,59.55844444444445,38.18916666666667,39.44444444444444,14.650444444444448,61.417833333333334,2
2014-01-22,94.54625,89.85444444444444,88.19550000000001,60.01013888888889,62.5,11.753666666666668,94.54625,2
2014-01-23,110.65041666666666,104.06977777777779,90.59611111111111,66.72041666666668,75.17222222222223,11.391944444444443,110.65041666666666,3
2014-01-24,109.4536111111111,104.94883333333334,72.61572222222222,58.2513888888889,66.7611111111111,11.078944444444446,109.4536111111111,3
2014-01-25,67.50763888888888,77.23750000000001,64.86172222222223,56.50083333333334,44.46944444444445,13.038166666666665,77.23750000000001,2
2014-01-26,131.98666666666668,119.17994444444444,79.70477777777776,67.85180555555556,61.98611111111112,8.971055555555555,131.98666666666668,3
2014-01-27,114.62763888888888,93.51366666666667,68.89744444444443,45.09458333333334,50.26111111111112,13.014000000000001,114.62763888888888,3
2014-01-28,97.59555555555556,97.93405555555556,64.11416666666668,53.01708333333333,44.28611111111111,12.335722222222222,97.93405555555556,2
2014-01-29,99.855,95.78983333333333,66.87727777777778,40.60763888888889,37.42777777777778,15.698,99.855,2
2014-01-30,85.77027777777779,84.27427777777777,58.386,40.059305555555554,32.324999999999996,16.631555555555554,85.77027777777779,2
2014-01-31,162.35063492063492,130.06377777777777,71.02844444444443,55.64208333333334,43.897222222222226,12.054222222222222,162.35063492063492,4
2014-02-01,200.95333333333332,146.9757777777778,79.27033333333333,68.40597222222222,63.42777777777777,11.022444444444446,200.95333333333332,4
2014-02-02,154.08714285714285,120.34116666666667,63.323,43.70819444444445,50.916666666666664,14.607666666666667,154.08714285714285,4
2014-02-03,70.39569444444443,74.20738888888889,27.136888888888894,25.401944444444446,24.07222222222222,16.679944444444445,74.20738888888889,2
2014-02-04,38.85428571428571,64.2761111111111,41.29544444444445,28.05444444444445,20.058333333333334,15.065388888888888,64.2761111111111,2
2014-02-05,94.90555555555557,75.54466666666666,37.367555555555555,30.53111111111111,26.033333333333335,12.39472222222222,94.90555555555557,2
2014-02-06,135.6901388888889,90.97972222222222,55.42194444444445,36.043749999999996,34.6111111111111,10.704388888888891,135.6901388888889,3
2014-02-07,146.7527777777778,98.62222222222222,50.66966666666667,36.77527777777778,40.47500000000001,15.577222222222224,146.7527777777778,3
2014-02-08,111.59555555555555,85.422,51.66088888888889,31.905833333333334,34.29722222222222,15.384500000000001,111.59555555555555,3
2014-02-09,21.59777777777778,29.645777777777777,28.48311111111111,18.635,18.758333333333333,20.896555555555555,29.645777777777777,1
2014-02-10,60.82833333333333,60.95016666666667,56.05977777777778,33.359861111111115,29.994444444444447,14.890500000000001,60.95016666666667,2
2014-02-11,101.3261111111111,79.4445,60.18127777777778,47.46180555555556,29.916666666666664,13.852055555555557,101.3261111111111,3
2014-02-12,111.43722222222223,99.77438888888888,82.43805555555554,62.17083333333332,46.900000000000006,9.788277777777777,111.43722222222223,3
2014-02-13,237.22833333333335,152.7444444444444,87.78472222222223,84.20125,50.69166666666667,10.921944444444444,237.22833333333335,5
2014-02-14,190.2115873015873,130.3602222222222,73.98716666666667,47.291250000000005,47.911111111111104,13.554611111111113,190.2115873015873,4
2014-02-15,211.58755555555555,157.68766666666667,77.08016666666666,52.70555555555556,52.63888888888889,11.05188888888889,211.58755555555555,5
2014-02-16,334.33722222222224,262.7312698412698,77.36144444444446,70.64,75.36666666666667,10.754555555555555,334.33722222222224,6
2014-02-17,184.94,120.05944444444442,52.76094444444445,47.75402777777777,43.67777777777778,18.20338888888889,184.94,4
2014-02-18,129.94736111111112,97.6545,55.39805555555556,44.5613888888889,33.605555555555554,15.695277777777779,129.94736111111112,3
2014-02-19,120.01458333333332,88.88622222222222,51.51383333333334,43.76541666666667,29.736111111111114,16.547,120.01458333333332,3
2014-02-20,160.11301587301585,120.40438888888889,56.18727777777778,57.772499999999994,39.10833333333333,13.65333333333333,160.11301587301585,4
2014-02-21,241.42366666666666,166.644,65.69661111111111,79.41819444444445,63.7,11.62016666666667,241.42366666666666,5
2014-02-22,278.90166666666664,224.42031746031748,70.2583888888889,91.93902777777778,78.75555555555556,9.77972222222222,278.90166666666664,5
2014-02-23,318.17633333333333,318.1459722222221,76.10777777777778,102.2945,92.32222222222222,8.692555555555556,318.17633333333333,6
2014-02-24,296.9052222222223,251.42666666666668,65.4458888888889,91.46597222222223,91.17777777777778,8.661555555555553,296.9052222222223,5
2014-02-25,250.45455555555554,234.7901587301587,66.14027777777778,85.40708333333335,85.55555555555557,11.836222222222226,250.45455555555554,5
2014-02-26,251.43877777777777,168.29311111111113,63.637388888888886,61.76305555555555,69.7138888888889,12.570500000000003,251.43877777777777,5
2014-02-27,39.620158730158735,52.33922222222222,30.683666666666667,22.818888888888885,28.06388888888889,20.185,52.33922222222222,2
2014-02-28,77.32097222222222,73.69405555555555,37.437444444444445,37.278055555555554,28.024999999999995,12.341999999999999,77.32097222222222,2
2014-03-01,103.1536111111111,85.71533333333335,54.49172222222222,35.268750000000004,34.922222222222224,14.521611111111113,103.1536111111111,3
2014-03-02,82.87194444444445,79.45305555555555,53.476777777777784,33.28805555555556,33.02777777777777,15.513444444444444,82.87194444444445,2
2014-03-03,134.5704166666667,110.26661111111112,60.74338888888889,47.61722222222222,44.34722222222223,11.498166666666668,134.5704166666667,3
2014-03-04,70.97625000000001,69.83077777777777,33.879333333333335,28.99638888888889,25.927777777777777,21.21966666666667,70.97625000000001,2
2014-03-05,59.290555555555564,63.32661111111111,30.638333333333332,35.66027777777778,18.708333333333336,18.425666666666668,63.32661111111111,2
2014-03-06,62.491666666666674,69.20327777777777,39.63711111111111,37.10875,21.672222222222217,17.487222222222222,69.20327777777777,2
2014-03-07,100.64472222222221,103.73083333333334,62.99927777777778,64.82583333333335,38.12777777777778,9.724833333333335,103.73083333333334,3
2014-03-08,102.81875000000001,91.7285,58.472055555555556,52.377361111111114,34.23888888888889,15.393944444444443,102.81875000000001,3
2014-03-09,92.48861111111111,97.94266666666668,56.869,50.343888888888884,32.019444444444446,18.078333333333333,97.94266666666668,2
2014-03-10,180.6065079365079,143.8433333333333,65.64422222222223,75.29597222222222,48.55833333333333,15.70111111111111,180.6065079365079,4
2014-03-11,144.0822222222222,128.0528888888889,58.59727777777778,58.929027777777776,51.54166666666667,21.178,144.0822222222222,3
2014-03-12,63.971944444444446,71.201,23.165000000000006,28.717361111111114,19.627777777777776,21.403944444444452,71.201,2
2014-03-13,38.57571428571429,55.912000000000006,32.53622222222223,24.85486111111111,18.666666666666664,22.82038888888889,55.912000000000006,2
2014-03-14,33.3915873015873,60.410333333333334,34.36766666666667,22.223055555555554,19.438888888888886,23.984333333333336,60.410333333333334,2
2014-03-15,67.27652777777777,74.26127777777779,56.56777777777778,31.131666666666668,33.45833333333334,21.510444444444445,74.26127777777779,2
2014-03-16,122.9984722222222,124.55711111111111,65.29050000000001,60.55722222222222,41.547222222222224,18.230944444444447,124.55711111111111,3
2014-03-17,97.14736111111111,138.75544444444444,40.702222222222225,36.74875,24.21944444444444,21.831055555555555,138.75544444444444,3
2014-03-18,75.89541666666666,121.42838888888889,37.24055555555555,38.23458333333333,26.950000000000003,18.786555555555555,121.42838888888889,3
2014-03-19,82.95986111111112,96.99188888888888,27.273222222222227,32.53513888888889,21.91666666666667,21.108944444444447,96.99188888888888,2
2014-03-20,24.983968253968253,41.70833333333334,21.153111111111112,18.766388888888887,14.96111111111111,25.754277777777773,41.70833333333334,1
2014-03-21,50.33444444444444,61.092166666666664,40.84133333333333,30.179166666666664,22.369444444444444,21.201888888888888,61.092166666666664,2
2014-03-22,65.32833333333333,76.66944444444445,50.90422222222222,40.228055555555564,28.36111111111111,22.67838888888889,76.66944444444445,2
2014-03-23,102.55166666666668,100.4661111111111,46.59422222222222,53.626249999999985,30.994444444444447,24.53944444444444,102.55166666666668,3
2014-03-24,113.42652777777778,95.74227777777777,52.519555555555556,47.356111111111105,35.905555555555566,25.901499999999995,113.42652777777778,3
2014-03-25,132.36874999999998,111.347,60.95038888888889,61.19180555555556,41.033333333333324,20.973111111111113,132.36874999999998,3
2014-03-26,126.46611111111113,105.98555555555555,49.80022222222223,44.475555555555566,33.800000000000004,21.87261111111111,126.46611111111113,3
2014-03-27,176.87174603174603,146.4782222222222,59.942777777777785,62.77652777777777,47.022222222222226,18.698444444444444,176.87174603174603,4
2014-03-28,79.9525,91.47,18.200111111111113,18.830000000000002,21.84166666666667,27.008944444444452,91.47,2
2014-03-29,54.48652777777777,78.54816666666667,26.748999999999995,29.791666666666664,23.927777777777777,23.160944444444443,78.54816666666667,2
2014-03-30,77.67833333333333,90.84916666666668,40.24177777777778,38.20958333333333,25.27777777777778,25.964222222222226,90.84916666666668,2
2014-03-31,69.48430555555557,64.86961111111111,25.35577777777778,24.290694444444448,25.62222222222223,25.019388888888887,69.48430555555557,2
2014-04-01,73.14208333333333,66.53572222222223,25.51811111111111,21.88236111111111,30.983333333333334,23.912166666666668,73.14208333333333,2
2014-04-02,93.93208333333334,95.07000000000001,38.68988888888888,37.64333333333333,35.49722222222222,20.85577777777778,95.07000000000001,2
2014-04-03,47.871904761904766,61.48683333333333,15.734222222222222,21.59263888888889,19.722222222222218,26.92177777777778,61.48683333333333,2
2014-04-04,41.56492063492063,64.02444444444444,23.040444444444443,25.70861111111111,18.152777777777775,23.657277777777782,64.02444444444444,2
2014-04-05,56.200833333333335,95.05288888888887,20.05322222222222,23.807361111111113,17.027777777777775,26.889722222222222,95.05288888888887,2
2014-04-06,63.63875,87.29872222222221,33.47533333333334,37.698611111111106,28.294444444444444,21.606111111111108,87.29872222222221,2
2014-04-07,84.56569444444445,99.47833333333334,40.714,43.27263888888889,28.372222222222227,21.67211111111111,99.47833333333334,2
2014-04-08,97.79027777777779,103.7796111111111,46.982,43.207499999999996,30.883333333333336,27.253944444444443,103.7796111111111,3
2014-04-09,106.5123611111111,105.2148888888889,42.76177777777778,37.50736111111111,40.327777777777776,32.50183333333333,106.5123611111111,3
2014-04-10,94.83930555555557,130.86466666666666,14.62622222222222,28.962361111111107,27.338888888888885,23.358666666666668,130.86466666666666,3
2014-04-11,71.93749999999999,84.03538888888889,16.136555555555557,32.47694444444445,24.05833333333333,20.339222222222226,84.03538888888889,2
2014-04-12,107.96763888888889,94.48044444444444,21.38055555555556,41.84166666666666,32.252777777777766,23.21361111111111,107.96763888888889,3
2014-04-13,127.68527777777777,101.89061111111111,20.557666666666663,32.71486111111111,33.422222222222224,26.312944444444444,127.68527777777777,3
2014-04-14,110.66111111111113,96.75672222222222,22.183555555555557,33.20333333333333,31.208333333333332,27.144888888888886,110.66111111111113,3
2014-04-15,70.75763888888889,72.8303888888889,19.29188888888889,29.46222222222222,24.008333333333333,25.680666666666667,72.8303888888889,2
2014-04-16,86.23124999999999,77.788,18.63888888888889,30.192083333333336,21.994444444444447,26.825722222222222,86.23124999999999,2
2014-04-17,102.19111111111111,81.51116666666667,14.490666666666671,28.805416666666673,31.880555555555556,24.257222222222225,102.19111111111111,3
2014-04-18,164.49476190476193,116.2063888888889,16.436555555555557,46.66347222222223,44.202777777777776,16.953500000000002,164.49476190476193,4
2014-04-19,96.04097222222222,80.94016666666667,14.132888888888887,33.24152777777778,31.06388888888889,19.818388888888887,96.04097222222222,2
2014-04-20,75.51583333333333,70.51888888888888,14.842888888888888,25.760277777777777,19.680555555555554,24.49144444444445,75.51583333333333,2
2014-04-21,90.56041666666667,75.6596111111111,17.055111111111113,29.607777777777773,17.25,22.292944444444444,90.56041666666667,2
2014-04-22,69.01486111111112,71.83444444444444,23.12777777777778,23.88402777777778,21.305555555555557,24.386333333333326,71.83444444444444,2
2014-04-23,68.57222222222222,75.60077777777778,26.870666666666665,27.982499999999998,24.494444444444444,22.394722222222228,75.60077777777778,2
2014-04-24,105.69736111111112,99.25944444444444,25.317111111111114,30.076111111111107,31.022222222222222,21.69838888888889,105.69736111111112,3
2014-04-25,78.71569444444445,79.14477777777776,13.305777777777777,18.950555555555557,16.886111111111113,25.185999999999993,79.14477777777776,2
2014-04-26,52.51930555555556,81.36988888888888,11.136222222222223,17.16069444444445,10.383333333333333,25.239611111111113,81.36988888888888,2
2014-04-27,59.739861111111125,75.37977777777778,12.512222222222222,21.198749999999997,12.491666666666667,26.679222222222226,75.37977777777778,2
2014-04-28,67.76833333333333,74.7058888888889,22.697888888888894,30.992083333333333,14.030555555555557,27.95561111111111,74.7058888888889,2
2014-04-29,67.16972222222222,75.48872222222222,22.42733333333333,30.652916666666663,18.361111111111107,29.85155555555556,75.48872222222222,2
2014-04-30,79.4798611111111,83.02783333333332,23.111666666666668,32.49930555555556,22.56111111111111,30.984388888888887,83.02783333333332,2
2014-05-01,111.04916666666666,105.92294444444445,20.519666666666662,28.58708333333333,22.40833333333333,26.587111111111106,111.04916666666666,3
2014-05-02,27.521904761904764,43.24666666666667,7.7316666666666665,8.403888888888888,9.647222222222222,32.556777777777775,43.24666666666667,1
2014-05-03,50.58097222222222,69.35294444444443,18.971777777777774,17.56291666666667,16.494444444444444,30.423388888888883,69.35294444444443,2
2014-05-04,44.54349206349207,56.77722222222222,6.850444444444445,10.490972222222222,7.416666666666666,32.866722222222215,56.77722222222222,2
2014-05-05,35.03587301587302,52.13994444444444,15.622333333333335,24.816388888888888,11.01388888888889,27.309833333333337,52.13994444444444,2
2014-05-06,56.84708333333334,77.51022222222221,29.17311111111111,34.537083333333335,23.5,29.55377777777778,77.51022222222221,2
2014-05-07,51.962916666666665,68.31933333333333,14.700111111111115,23.729305555555555,10.01388888888889,32.30116666666667,68.31933333333333,2
2014-05-08,96.89041666666667,101.08383333333335,30.677666666666667,41.242777777777775,24.569444444444443,34.94016666666667,101.08383333333335,3
2014-05-09,114.89111111111109,109.79283333333335,30.516111111111112,40.87416666666667,28.150000000000002,31.409666666666666,114.89111111111109,3
2014-05-10,72.59652777777777,71.509,15.793444444444447,29.37291666666666,18.71111111111111,32.29983333333333,72.59652777777777,2
2014-05-11,40.893650793650785,40.10677777777778,8.768666666666666,15.790694444444444,10.080555555555556,32.14322222222222,40.893650793650785,1
2014-05-12,54.20638888888889,65.65372222222223,22.396666666666665,28.875,14.275000000000002,34.54338888888889,65.65372222222223,2
2014-05-13,65.70777777777778,75.286,31.142777777777784,41.00513888888888,18.66388888888889,31.5585,75.286,2
2014-05-14,42.44126984126984,58.68044444444444,10.918111111111113,17.94069444444445,6.447222222222222,31.69688888888889,58.68044444444444,2
2014-05-15,73.24319444444444,75.91944444444445,20.356555555555556,24.373888888888885,12.26388888888889,29.727166666666665,75.91944444444445,2
2014-05-16,73.93791666666667,83.71877777777777,30.952777777777772,30.35888888888889,15.183333333333335,31.332611111111106,83.71877777777777,2
2014-05-17,80.46069444444444,88.18566666666666,27.12222222222222,35.16875,18.913888888888884,36.62705555555555,88.18566666666666,2
2014-05-18,89.36597222222224,90.6386111111111,35.790333333333336,40.636250000000004,21.972222222222225,37.89127777777777,90.6386111111111,2
2014-05-19,87.7473611111111,90.28261111111111,23.09644444444444,25.99083333333333,13.219444444444441,32.40133333333333,90.28261111111111,2
2014-05-20,98.89486111111111,102.56083333333333,34.346888888888884,28.760694444444447,17.494444444444444,36.69133333333333,102.56083333333333,3
2014-05-21,106.25027777777777,111.25866666666667,30.77677777777778,40.714305555555555,19.852777777777778,37.70011111111111,111.25866666666667,3
2014-05-22,96.12472222222223,97.67827777777777,33.765,27.165277777777778,20.661111111111108,37.51427777777778,97.67827777777777,2
2014-05-23,69.46638888888889,76.42877777777778,23.151333333333334,21.075138888888887,13.286111111111113,39.40588888888889,76.42877777777778,2
2014-05-24,56.749722222222225,55.70944444444444,12.135,14.360833333333336,11.619444444444445,37.80294444444444,56.749722222222225,2
2014-05-25,83.9901388888889,88.41716666666667,6.825777777777778,9.851388888888888,4.686111111111111,37.65855555555556,88.41716666666667,2
2014-05-26,58.22430555555555,65.28683333333333,13.934,19.520138888888887,8.419444444444444,36.775666666666666,65.28683333333333,2
2014-05-27,89.12125,91.97538888888889,15.472666666666667,18.904305555555553,8.769444444444446,35.32772222222222,91.97538888888889,2
2014-05-28,51.84791666666666,62.82105555555555,19.311333333333334,25.627499999999998,10.175,33.13644444444444,62.82105555555555,2
2014-05-29,63.39513888888889,79.19116666666667,33.68366666666667,29.16222222222222,13.43888888888889,37.754666666666665,79.19116666666667,2
2014-05-30,79.84319444444445,92.67466666666667,32.49377777777778,36.00680555555556,16.21111111111111,41.20916666666667,92.67466666666667,2
2014-05-31,97.14791666666665,94.37583333333335,27.87777777777778,38.09513888888888,16.93055555555555,36.60488888888889,97.14791666666665,2
2014-06-01,78.07486111111112,75.2101111111111,16.697333333333333,30.775000000000006,15.630555555555556,36.67205555555555,78.07486111111112,2
2014-06-02,64.47638888888889,62.90333333333333,10.758555555555553,21.72277777777778,11.261111111111111,34.323499999999996,64.47638888888889,2
2014-06-03,57.13513888888889,63.205111111111115,14.291111111111114,22.095,11.430555555555555,35.90066666666666,63.205111111111115,2
2014-06-04,63.39083333333334,68.89622222222224,20.168666666666667,25.880000000000003,13.48611111111111,38.69594444444445,68.89622222222224,2
2014-06-05,75.4898611111111,78.54672222222221,23.644555555555556,26.77569444444445,18.26388888888889,42.10416666666666,78.54672222222221,2
2014-06-06,73.45777777777778,76.53644444444444,23.230999999999995,25.92791666666667,22.402777777777775,33.79794444444445,76.53644444444444,2
2014-06-07,30.205238095238098,37.510777777777776,16.216222222222225,17.769861111111112,8.222222222222223,33.333277777777774,37.510777777777776,1
2014-06-08,53.19597222222222,64.46527777777777,32.208000000000006,31.52138888888889,14.491666666666667,31.54288888888889,64.46527777777777,2
2014-06-09,43.33730158730158,55.17466666666667,18.756666666666664,21.240277777777777,8.805555555555555,31.727833333333336,55.17466666666667,2
2014-06-10,51.28861111111111,59.89,19.91155555555556,23.70263888888889,11.902777777777777,30.586833333333335,59.89,2
2014-06-11,66.84416666666667,66.9096111111111,14.905666666666667,17.581944444444442,14.519444444444444,39.28094444444444,66.9096111111111,2
2014-06-12,62.39055555555556,64.29344444444445,21.124666666666666,24.128749999999997,14.433333333333334,43.83066666666667,64.29344444444445,2
2014-06-13,73.90458333333333,78.8761111111111,35.666222222222224,32.343611111111116,20.80833333333333,45.49466666666666,78.8761111111111,2
2014-06-14,74.43055555555557,74.05716666666666,39.893,28.530277777777776,21.750000000000004,39.47533333333333,74.43055555555557,2
2014-06-15,98.74583333333332,87.53561111111111,37.638,31.276388888888892,21.538888888888888,38.11255555555555,98.74583333333332,2
2014-06-16,131.81458333333333,101.46016666666667,28.44055555555555,33.110277777777775,24.547222222222224,37.915666666666674,131.81458333333333,3
2014-06-17,105.18138888888886,84.96966666666668,17.673,20.396388888888893,24.983333333333334,43.692166666666665,105.18138888888886,3
2014-06-18,132.92208333333335,97.20627777777777,17.61611111111111,24.897083333333335,28.53333333333333,36.01383333333333,132.92208333333335,3
2014-06-19,54.97986111111111,54.313388888888895,9.168999999999999,19.015,16.158333333333335,31.425500000000003,54.97986111111111,2
2014-06-20,36.83111111111111,44.096444444444444,11.883333333333333,16.828194444444442,14.51944444444445,40.89755555555555,44.096444444444444,1
2014-06-21,91.96319444444443,73.06733333333332,15.182444444444446,22.485694444444444,21.005555555555553,43.016999999999996,91.96319444444443,2
2014-06-22,96.23888888888888,77.78383333333332,20.46188888888889,26.222499999999997,27.363888888888894,40.042611111111114,96.23888888888888,2
2014-06-23,75.50361111111111,69.72294444444444,20.983888888888888,20.283055555555556,23.53611111111111,45.816333333333326,75.50361111111111,2
2014-06-24,110.62027777777777,90.35344444444443,31.976333333333333,30.518333333333334,28.725,47.41883333333333,110.62027777777777,3
2014-06-25,95.04222222222222,70.23333333333332,20.29266666666667,21.836944444444445,29.677777777777774,39.71794444444445,95.04222222222222,2
2014-06-26,76.14013888888888,69.0348888888889,19.39811111111111,22.186388888888892,21.59444444444444,41.06444444444444,76.14013888888888,2
2014-06-27,60.19986111111112,63.777833333333334,17.526,24.130555555555556,16.927777777777777,40.657777777777774,63.777833333333334,2
2014-06-28,39.45190476190476,54.94361111111111,17.38,23.79611111111111,14.71111111111111,38.55555555555555,54.94361111111111,2
2014-06-29,53.43527777777777,57.52761111111111,22.291111111111107,18.807222222222222,18.816666666666666,40.958999999999996,57.52761111111111,2
2014-06-30,60.32944444444446,65.52444444444444,20.433222222222224,16.794305555555553,17.17222222222222,46.61383333333333,65.52444444444444,2
2014-07-01,66.70166666666667,61.01127777777777,18.129777777777775,20.88736111111111,20.841666666666665,40.08516666666667,66.70166666666667,2
2014-07-02,62.99666666666667,58.905499999999996,18.848777777777777,20.49375,16.699999999999996,41.133,62.99666666666667,2
2014-07-03,101.12069444444444,78.49561111111112,18.146111111111114,21.92513888888889,20.583333333333332,36.49266666666667,101.12069444444444,3
2014-07-04,64.76652777777777,59.06316666666667,15.94288888888889,20.270555555555553,20.483333333333334,34.946888888888886,64.76652777777777,2
2014-07-05,77.50166666666668,68.02877777777778,12.65322222222222,14.351111111111113,17.230555555555558,38.595777777777776,77.50166666666668,2
2014-07-06,99.07625000000002,81.93177777777777,21.29922222222222,19.670694444444443,21.788888888888888,41.60283333333333,99.07625000000002,2
2014-07-07,139.0965277777778,105.11855555555556,25.589444444444442,25.81041666666667,28.838888888888892,47.04472222222223,139.0965277777778,3
2014-07-08,127.22444444444443,96.76316666666666,18.444888888888887,26.167361111111113,23.191666666666666,44.60550000000001,127.22444444444443,3
2014-07-09,26.660634920634923,26.140333333333327,6.946555555555555,19.025555555555556,7.055555555555555,34.373333333333335,34.373333333333335,1
2014-07-10,27.53730158730159,30.680000000000003,9.979555555555555,24.840694444444445,10.052777777777777,35.09283333333334,35.09283333333334,1
2014-07-11,47.87492063492064,55.06644444444444,22.58611111111111,24.742916666666666,11.71111111111111,36.172,55.06644444444444,2
2014-07-12,27.23349206349206,47.255,15.782777777777778,27.759305555555557,8.022222222222224,35.05616666666666,47.255,1
2014-07-13,27.75698412698413,46.075222222222216,20.807333333333336,29.06916666666666,9.186111111111114,31.661444444444445,46.075222222222216,1
2014-07-14,42.08,58.97844444444445,31.89844444444445,38.97805555555556,13.152777777777777,32.87744444444444,58.97844444444445,2
2014-07-15,52.39125000000001,62.82666666666667,28.265,34.785555555555554,11.213888888888889,37.3085,62.82666666666667,2
2014-07-16,68.74861111111112,72.6288888888889,32.382555555555555,34.77388888888889,16.405555555555555,40.37161111111111,72.6288888888889,2
2014-07-17,103.49180555555556,93.65466666666667,35.33522222222222,31.973749999999995,20.244444444444444,43.601111111111116,103.49180555555556,3
2014-07-18,87.81027777777778,90.15177777777778,25.174666666666667,28.48875,18.141666666666666,47.921277777777775,90.15177777777778,2
2014-07-19,72.42569444444445,74.8643888888889,21.415333333333333,23.25958333333333,14.430555555555555,37.66161111111111,74.8643888888889,2
2014-07-20,55.671527777777776,63.262944444444436,32.662222222222226,27.32597222222222,14.136111111111113,32.361555555555555,63.262944444444436,2
2014-07-21,56.930972222222216,62.25788888888889,26.411555555555555,25.46027777777778,13.852777777777778,33.6405,62.25788888888889,2
2014-07-22,34.63603174603174,42.679333333333346,11.42677777777778,20.634861111111114,9.397222222222222,28.358722222222227,42.679333333333346,1
2014-07-23,18.640793650793654,28.02922222222222,14.381666666666666,22.233194444444443,7.37222222222222,31.006666666666664,31.006666666666664,1
2014-07-24,22.69031746031746,34.773,17.632444444444445,24.94652777777778,8.947222222222223,31.596333333333334,34.773,1
2014-07-25,36.40380952380953,58.55511111111111,26.55944444444445,33.856111111111105,16.002777777777776,36.479833333333325,58.55511111111111,2
2014-07-26,58.87041666666667,72.50827777777778,36.163111111111114,34.33958333333334,17.258333333333333,38.60011111111111,72.50827777777778,2
2014-07-27,70.53444444444445,78.30105555555556,37.19511111111111,34.57833333333333,18.244444444444444,43.728722222222224,78.30105555555556,2
2014-07-28,111.61597222222221,101.45405555555556,49.49944444444444,39.47097222222222,26.450000000000003,58.49990740740741,111.61597222222221,3
2014-07-29,107.72625,95.18300000000002,29.782666666666675,39.42638888888889,27.347222222222218,37.13394444444444,107.72625,3
2014-07-30,73.52194444444444,69.89127777777779,31.63922222222222,30.39944444444444,25.033333333333335,41.03922222222222,73.52194444444444,2
2014-07-31,103.39055555555555,87.32627777777779,26.175222222222217,30.81111111111111,22.177777777777777,47.60744444444444,103.39055555555555,3
2014-08-01,111.61375000000001,91.7285,23.85044444444445,26.774861111111115,17.838888888888892,47.22438888888889,111.61375000000001,3
2014-08-02,119.28583333333334,95.46622222222221,30.296888888888887,28.666666666666668,17.038888888888888,49.07966666666667,119.28583333333334,3
2014-08-03,130.88986111111112,98.04205555555555,32.71488888888889,31.05152777777777,21.697222222222223,54.43388888888889,130.88986111111112,3
2014-08-04,118.3876388888889,95.99427777777778,31.37922222222222,28.818888888888893,22.68611111111111,40.00944444444445,118.3876388888889,3
2014-08-05,26.358412698412696,29.838333333333335,16.70577777777778,21.512083333333333,9.56111111111111,31.131611111111116,31.131611111111116,1
2014-08-06,16.451746031746033,20.46788888888889,15.296888888888887,27.24680555555555,5.963888888888889,29.01088888888889,29.01088888888889,1
2014-08-07,32.210952380952385,45.203555555555546,24.132222222222225,29.70208333333333,11.591666666666667,35.970055555555554,45.203555555555546,1
2014-08-08,73.41333333333334,73.74238888888888,28.82155555555556,36.77472222222222,17.116666666666667,36.84511111111111,73.74238888888888,2
2014-08-09,65.92680555555556,64.54599999999999,32.90855555555556,31.600277777777773,17.41111111111111,42.350555555555545,65.92680555555556,2
2014-08-10,58.600972222222225,62.54888888888889,31.64522222222222,34.29805555555556,15.07222222222222,36.21561111111111,62.54888888888889,2
2014-08-11,33.891111111111115,51.98661111111112,25.686777777777777,32.11125,11.102777777777778,31.61977777777777,51.98661111111112,2
2014-08-12,37.48650793650794,55.64538888888889,38.12533333333334,40.686388888888885,15.761111111111111,29.0295,55.64538888888889,2
2014-08-13,54.14944444444444,55.670500000000004,25.965777777777774,31.68986111111111,20.022222222222222,30.44055555555555,55.670500000000004,2
2014-08-14,28.45285714285714,41.19744444444444,19.337666666666664,25.80375,10.905555555555553,31.525666666666666,41.19744444444444,1
2014-08-15,27.121111111111112,40.16755555555556,24.623444444444445,33.90222222222222,12.152777777777777,31.90688888888889,40.16755555555556,1
2014-08-16,48.96587301587302,60.52155555555556,41.029444444444444,39.994305555555556,15.875000000000004,34.434333333333335,60.52155555555556,2
2014-08-17,51.110694444444434,58.38166666666667,39.93088888888889,34.586527777777775,19.42222222222222,27.627,58.38166666666667,2
2014-08-18,54.07972222222223,60.00088888888889,28.87011111111111,32.84374999999999,16.644444444444446,34.77077777777778,60.00088888888889,2
2014-08-19,66.63555555555556,71.291,31.71477777777778,36.27944444444445,13.624999999999998,39.71966666666667,71.291,2
2014-08-20,62.31055555555554,69.28305555555556,40.785444444444444,38.99111111111111,16.541666666666664,34.342333333333336,69.28305555555556,2
2014-08-21,61.89388888888889,67.90116666666668,37.75466666666667,40.04541666666667,16.005555555555553,37.26011111111111,67.90116666666668,2
2014-08-22,63.39527777777778,68.53077777777779,36.23144444444444,38.54069444444444,17.452777777777776,33.731722222222224,68.53077777777779,2
2014-08-23,64.26513888888888,61.04738888888889,28.55911111111111,29.10625,14.280555555555555,32.464333333333336,64.26513888888888,2
2014-08-24,20.185396825396822,28.86766666666667,22.583888888888893,20.972500000000004,7.5,29.861833333333333,29.861833333333333,1
2014-08-25,20.821746031746034,40.51766666666666,25.756999999999994,27.92666666666667,8.247222222222222,29.971055555555548,40.51766666666666,1
2014-08-26,36.82666666666667,53.86261111111111,28.131222222222224,32.03541666666667,11.15,33.106388888888894,53.86261111111111,2
2014-08-27,82.50180555555556,79.48327777777777,39.77466666666667,39.55916666666667,21.019444444444442,33.66627777777777,82.50180555555556,2
2014-08-28,69.20722222222221,63.54705555555556,26.689111111111114,24.35527777777778,17.438888888888894,36.09983333333333,69.20722222222221,2
2014-08-29,98.45305555555557,82.89744444444443,29.908,30.062777777777775,22.541666666666668,33.646,98.45305555555557,2
2014-08-30,128.51277777777776,100.87394444444445,24.241,29.086666666666666,24.372222222222227,36.103944444444444,128.51277777777776,3
2014-08-31,82.94,68.27388888888888,23.835333333333335,19.824305555555554,15.994444444444444,37.14816666666667,82.94,2
2014-09-01,103.57763888888888,81.8138888888889,36.76788888888888,33.026111111111106,20.822222222222223,30.430666666666667,103.57763888888888,3
2014-09-02,52.753055555555555,52.4511111111111,23.886666666666667,27.45958333333333,16.82222222222222,23.239944444444447,52.753055555555555,2
2014-09-03,28.84031746031746,42.74966666666666,23.77022222222222,23.04277777777778,10.638888888888891,27.684888888888892,42.74966666666666,1
2014-09-04,33.64158730158731,55.93738888888889,35.43944444444444,35.022222222222226,13.472222222222221,27.222666666666665,55.93738888888889,2
2014-09-05,76.94972222222222,82.18772222222222,51.492555555555555,43.07611111111111,20.272222222222222,40.246388888888895,82.18772222222222,2
2014-09-06,111.84916666666666,98.41338888888887,43.51444444444444,40.14055555555555,25.266666666666666,32.27233333333333,111.84916666666666,3
2014-09-07,106.21152777777779,84.94244444444445,39.193555555555555,27.148055555555562,25.211111111111112,28.92866666666667,106.21152777777779,3
2014-09-08,68.94347222222223,67.19394444444444,32.81066666666667,27.29138888888889,15.611111111111112,24.81661111111111,68.94347222222223,2
2014-09-09,64.42861111111111,72.87133333333333,54.269111111111116,33.112361111111106,17.008333333333336,32.61361111111111,72.87133333333333,2
2014-09-10,84.2548611111111,88.70594444444444,52.68233333333333,41.43402777777777,21.108333333333338,32.012611111111106,88.70594444444444,2
2014-09-11,94.75138888888891,85.9071111111111,31.705111111111115,44.85944444444445,23.41388888888889,22.7555,94.75138888888891,2
2014-09-12,26.923809523809524,33.89966666666667,13.149111111111111,22.76027777777778,14.030555555555555,22.13411111111111,33.89966666666667,1
2014-09-13,53.22736111111111,60.68044444444444,31.94911111111111,32.92375,17.861111111111114,22.367444444444445,60.68044444444444,2
2014-09-14,57.62402777777778,62.63811111111111,27.28011111111111,33.76541666666667,19.119444444444444,15.35877777777778,62.63811111111111,2
2014-09-15,32.733809523809526,47.62166666666666,31.851888888888894,29.981250000000006,13.158333333333335,15.44327777777778,47.62166666666666,1
2014-09-16,31.663015873015873,54.828500000000005,39.61388888888889,34.1475,16.73888888888889,14.418444444444447,54.828500000000005,2
2014-09-17,27.88396825396825,37.05522222222222,36.662333333333336,40.63666666666667,15.233333333333334,13.997444444444445,40.63666666666667,1
2014-09-18,33.5715873015873,50.602277777777786,31.963111111111107,33.15041666666666,14.261111111111113,20.02438888888889,50.602277777777786,1
2014-09-19,63.320277777777775,72.505,46.48755555555555,38.206111111111106,29.44166666666666,21.330555555555552,72.505,2
2014-09-20,95.3588888888889,83.39422222222223,49.62011111111112,33.61458333333333,32.46666666666667,28.862499999999997,95.3588888888889,2
2014-09-21,136.23624999999998,115.76866666666666,39.13344444444444,35.568194444444444,36.06944444444444,29.822055555555554,136.23624999999998,3
2014-09-22,127.55027777777778,109.40994444444445,32.81655555555556,31.917638888888895,30.744444444444447,31.005888888888887,127.55027777777778,3
2014-09-23,87.8784722222222,70.64766666666668,20.58811111111111,36.356249999999996,25.775000000000002,16.614055555555556,87.8784722222222,2
2014-09-24,71.45194444444445,68.89794444444445,29.61966666666667,30.998472222222222,21.761111111111113,23.540999999999993,71.45194444444445,2
2014-09-25,94.44305555555557,90.41511111111112,39.63711111111111,39.39013888888889,25.933333333333337,19.423833333333334,94.44305555555557,2
2014-09-26,78.0911111111111,77.34677777777779,28.777,27.341250000000002,23.602777777777774,24.76811111111111,78.0911111111111,2
2014-09-27,58.01597222222222,68.80783333333332,25.23966666666666,32.337083333333325,14.08888888888889,23.07361111111111,68.80783333333332,2
2014-09-28,71.62625000000001,71.07172222222223,19.68411111111111,42.909722222222214,22.055555555555557,15.935722222222223,71.62625000000001,2
2014-09-29,61.808611111111105,64.93100000000001,17.25888888888889,28.616388888888885,18.48333333333333,22.53972222222222,64.93100000000001,2
2014-09-30,33.81984126984128,45.233111111111114,14.576888888888888,23.74791666666666,14.57777777777778,12.147,45.233111111111114,1
2014-10-01,56.84055555555556,62.48388888888889,26.483666666666664,33.59527777777778,24.605555555555558,10.77372222222222,62.48388888888889,2
2014-10-02,59.47847222222222,64.2305,29.173777777777783,33.22027777777778,18.466666666666665,17.343833333333333,64.2305,2
2014-10-03,94.05430555555554,99.19688888888888,34.821888888888886,42.858055555555566,28.691666666666666,14.976722222222222,99.19688888888888,2
2014-10-04,50.79097222222223,56.030833333333334,19.24111111111111,22.101527777777783,17.75277777777778,20.098833333333335,56.030833333333334,2
2014-10-05,27.07873015873016,41.284333333333336,17.69466666666667,20.454583333333336,9.305555555555555,21.23966666666667,41.284333333333336,1
2014-10-06,46.553650793650796,61.60388888888889,35.64544444444445,33.249583333333334,17.09444444444444,20.678999999999995,61.60388888888889,2
2014-10-07,117.29861111111111,103.51333333333334,46.61055555555556,53.05375000000001,32.15833333333333,22.027611111111113,117.29861111111111,3
2014-10-08,230.00444444444443,167.38788888888888,50.55616666666667,65.5501388888889,48.08888888888889,19.828500000000002,230.00444444444443,5
2014-10-09,264.50733333333335,188.32133333333334,50.772222222222226,63.29041666666666,51.144444444444446,25.14888888888889,264.50733333333335,5
2014-10-10,287.27244444444443,214.3428571428571,45.902777777777786,48.54333333333334,42.96111111111111,32.91988888888889,287.27244444444443,5
2014-10-11,155.90650793650795,121.83944444444444,45.52111111111111,43.277499999999996,27.48888888888889,22.32977777777778,155.90650793650795,4
2014-10-12,14.573650793650794,20.846777777777778,15.013,22.89361111111111,8.66388888888889,18.717444444444443,22.89361111111111,1
2014-10-13,27.979047619047623,36.864111111111114,22.94622222222222,26.737222222222226,12.291666666666668,19.273722222222222,36.864111111111114,1
2014-10-14,53.95625,60.78177777777778,42.51911111111111,37.179027777777776,18.558333333333334,18.7105,60.78177777777778,2
2014-10-15,56.3425,68.24622222222223,34.04855555555556,25.23388888888889,13.236111111111112,22.08705555555555,68.24622222222223,2
2014-10-16,45.85777777777778,64.01038888888888,43.77033333333334,38.95027777777777,16.680555555555557,17.929055555555557,64.01038888888888,2
2014-10-17,72.64444444444445,83.46316666666667,57.13227777777778,43.15555555555556,23.61388888888889,19.748055555555556,83.46316666666667,2
2014-10-18,68.89569444444444,83.74911111111112,57.41438888888889,61.83083333333333,20.166666666666664,19.444333333333333,83.74911111111112,2
2014-10-19,116.97847222222222,114.26805555555556,61.41544444444444,67.43333333333334,33.63611111111111,17.332944444444447,116.97847222222222,3
2014-10-20,142.29347222222222,124.50866666666667,58.18227777777778,64.60513888888889,34.791666666666664,15.111277777777778,142.29347222222222,3
2014-10-21,129.1123611111111,110.78133333333334,28.80633333333333,44.63986111111112,29.61388888888889,14.9405,129.1123611111111,3
2014-10-22,120.16416666666666,112.40183333333334,51.56377777777777,54.04041666666667,37.34166666666667,13.28,120.16416666666666,3
2014-10-23,123.19055555555556,105.05683333333333,56.91111111111111,46.61902777777779,40.675,18.063666666666666,123.19055555555556,3
2014-10-24,123.84805555555553,109.81855555555556,57.67322222222222,46.33055555555555,39.16111111111111,18.76022222222222,123.84805555555553,3
2014-10-25,105.56097222222222,99.57211111111113,61.323166666666665,53.06111111111111,36.772222222222226,19.369888888888884,105.56097222222222,3
2014-10-26,80.55694444444444,90.75194444444445,54.79744444444444,44.717638888888885,26.674999999999997,20.820333333333334,90.75194444444445,2
2014-10-27,46.893650793650785,69.072,39.53066666666666,40.62444444444444,19.374999999999996,21.354555555555553,69.072,2
2014-10-28,63.88430555555556,86.71333333333334,54.17811111111111,58.767500000000005,24.458333333333336,15.50761111111111,86.71333333333334,2
2014-10-29,92.87347222222223,103.15044444444443,56.39172222222223,64.91986111111112,31.497222222222216,11.695944444444445,103.15044444444443,3
2014-10-30,133.23041666666668,121.46144444444445,67.56450000000001,79.8638888888889,54.25555555555556,9.724666666666666,133.23041666666668,3
2014-10-31,153.52825396825395,141.7973333333333,78.51605555555555,74.02625,57.08333333333334,12.501277777777778,153.52825396825395,4
2014-11-01,38.57111111111111,50.185277777777785,41.88177777777778,26.807638888888892,15.325,21.159000000000002,50.185277777777785,1
2014-11-02,19.573492063492058,31.781111111111112,30.032777777777778,19.729166666666664,13.036111111111111,24.958611111111114,31.781111111111112,1
2014-11-03,41.27269841269841,55.28211111111112,58.47427777777778,36.702083333333334,22.63611111111111,17.168055555555558,58.47427777777778,2
2014-11-04,85.28430555555556,81.08272222222223,80.28733333333334,50.40069444444445,35.13888888888889,12.92122222222222,85.28430555555556,2
2014-11-05,56.641805555555564,64.5385,60.510222222222225,43.14541666666667,19.65555555555556,19.555555555555557,64.5385,2
2014-11-06,41.817619047619054,60.31405555555556,46.644444444444446,39.12472222222222,19.11111111111111,15.948444444444446,60.31405555555556,2
2014-11-07,53.73569444444445,59.12294444444445,26.689333333333334,39.82805555555556,20.333333333333336,10.968944444444444,59.12294444444445,2
2014-11-08,77.4213888888889,70.52944444444444,50.373888888888885,43.08624999999999,28.67777777777778,9.334000000000001,77.4213888888889,2
2014-11-09,82.08597222222222,75.29505555555555,52.920833333333334,40.422777777777775,28.766666666666662,13.958111111111108,82.08597222222222,2
2014-11-10,106.44791666666669,88.56944444444443,79.02927777777776,50.47833333333333,37.06666666666666,11.643499999999996,106.44791666666669,3
2014-11-11,95.76222222222222,83.62972222222223,78.26444444444445,41.29263888888889,31.141666666666666,17.24838888888889,95.76222222222222,2
2014-11-12,13.213174603174602,24.50511111111111,22.232555555555553,15.90388888888889,9.175,24.217055555555557,24.50511111111111,1
2014-11-13,34.42714285714286,48.85577777777778,54.02461111111111,34.100972222222225,17.96666666666667,18.80011111111111,54.02461111111111,2
2014-11-14,52.778055555555554,66.16072222222223,60.24422222222223,44.785000000000004,24.51944444444445,14.071777777777777,66.16072222222223,2
2014-11-15,80.46125,86.9672222222222,75.1565,52.10652777777778,31.077777777777783,10.979111111111111,86.9672222222222,2
2014-11-16,32.82126984126984,46.56977777777777,40.056777777777775,27.240416666666665,16.269444444444446,19.893555555555555,46.56977777777777,1
2014-11-17,53.10902777777777,60.339999999999996,67.07033333333334,43.486111111111114,23.000000000000007,15.392444444444445,67.07033333333334,2
2014-11-18,85.41277777777776,83.29155555555556,76.48783333333333,63.18069444444444,33.647222222222226,13.070277777777779,85.41277777777776,2
2014-11-19,127.83319444444444,114.12305555555555,100.72690598290599,80.19319444444443,53.447222222222216,11.88261111111111,127.83319444444444,3
2014-11-20,143.70708333333334,111.89733333333335,75.11122222222221,63.07277777777777,43.58611111111111,16.009722222222223,143.70708333333334,3
2014-11-21,98.50375,88.96516666666668,66.70261111111111,60.17291666666666,32.358333333333334,14.47038888888889,98.50375,2
2014-11-22,188.0701587301587,138.35655555555553,80.44900000000001,93.7161111111111,39.95555555555555,9.516166666666669,188.0701587301587,4
2014-11-23,199.41285714285715,133.31194444444446,100.13143589743589,100.0543888888889,51.94166666666668,10.437722222222224,199.41285714285715,4
2014-11-24,191.3493650793651,130.99994444444445,89.48961111111112,81.38541666666667,48.983333333333334,8.501444444444445,191.3493650793651,4
2014-11-25,141.21819444444446,114.63716666666666,91.26227777777778,73.60833333333332,47.34722222222222,10.765166666666666,141.21819444444446,3
2014-11-26,127.29944444444448,99.58483333333334,71.92844444444444,60.0361111111111,44.37222222222223,12.535444444444444,127.29944444444448,3
2014-11-27,145.94388888888886,122.65827777777777,58.38927777777778,70.27833333333334,46.02222222222221,8.813055555555556,145.94388888888886,3
2014-11-28,115.2840277777778,100.37349999999999,72.2707777777778,61.43666666666665,38.30277777777778,11.852777777777781,115.2840277777778,3
2014-11-29,148.4011111111111,124.15855555555555,102.03998290598291,79.29347222222222,56.81666666666666,8.465333333333334,148.4011111111111,3
2014-11-30,68.51361111111112,83.29483333333332,50.61150000000001,30.842083333333335,22.469444444444445,23.766555555555556,83.29483333333332,2
2014-12-01,19.450952380952376,42.636888888888876,28.230111111111103,18.79097222222222,11.608333333333336,23.65561111111111,42.636888888888876,1
2014-12-02,58.505138888888894,67.30061111111111,68.23022222222224,51.028888888888886,27.247222222222224,13.663444444444444,68.23022222222224,2
2014-12-03,39.50507936507937,56.591388888888886,44.350666666666676,31.454861111111114,20.258333333333333,20.557333333333336,56.591388888888886,2
2014-12-04,19.110634920634922,32.76211111111111,35.259666666666675,21.399305555555554,15.48611111111111,25.82316666666667,35.259666666666675,1
2014-12-05,56.32069444444444,60.274,75.11111111111111,47.525416666666665,30.38055555555556,16.455166666666667,75.11111111111111,2
2014-12-06,107.63388888888889,99.20122222222221,101.21811965811966,81.67944444444444,45.56944444444444,9.238222222222221,107.63388888888889,3
2014-12-07,44.20809523809524,64.35172222222224,49.242555555555555,35.03458333333333,24.308333333333334,17.279722222222222,64.35172222222224,2
2014-12-08,86.03847222222224,92.80216666666668,86.76194444444442,71.23819444444443,43.03055555555555,10.043055555555556,92.80216666666668,2
2014-12-09,187.42555555555555,146.5773888888889,108.0259829059829,102.26416666666665,69.35,6.888833333333333,187.42555555555555,4
2014-12-10,61.41861111111112,90.619,38.69788888888889,23.369722222222222,27.150000000000002,19.233277777777776,90.619,2
2014-12-11,37.81793650793651,57.05994444444445,50.24638888888889,28.87055555555555,24.883333333333336,17.061722222222222,57.05994444444445,2
2014-12-12,19.894761904761907,42.4241111111111,26.85411111111111,16.50986111111111,18.522222222222222,20.981555555555556,42.4241111111111,1
2014-12-13,61.12111111111111,65.044,77.74933333333334,46.83402777777776,36.46666666666666,14.25716666666667,77.74933333333334,2
2014-12-14,97.76111111111112,94.90994444444445,102.23545299145299,74.95430555555555,48.5638888888889,9.366333333333333,102.23545299145299,3
2014-12-15,53.67166666666666,77.58983333333333,54.37511111111111,31.459305555555556,29.31388888888889,19.898333333333333,77.58983333333333,2
2014-12-16,18.256984126984126,41.036,29.408,16.464166666666667,20.744444444444447,20.76811111111111,41.036,1
2014-12-17,47.70761904761905,59.518499999999996,63.33861111111111,38.618333333333325,32.12777777777778,14.867166666666668,63.33861111111111,2
2014-12-18,107.85222222222222,93.67933333333333,101.62817094017093,73.74722222222222,55.04444444444444,9.162944444444443,107.85222222222222,3
2014-12-19,88.44375,81.62700000000001,75.77294444444445,44.91597222222222,40.97222222222223,17.500777777777778,88.44375,2
2014-12-20,36.92650793650793,50.790166666666664,56.620000000000005,35.41652777777777,25.62222222222223,15.363722222222222,56.620000000000005,2
2014-12-21,26.05507936507936,46.06666666666666,44.29233333333334,24.623194444444447,22.858333333333334,18.418166666666668,46.06666666666666,1
2014-12-22,58.79388888888889,63.97105555555555,75.51844444444444,49.388333333333335,37.06944444444444,13.665777777777775,75.51844444444444,2
2014-12-23,115.38388888888889,99.4941111111111,102.53102564102565,71.37138888888889,57.300000000000004,10.505722222222223,115.38388888888889,3
2014-12-24,80.17583333333332,77.37483333333333,83.42294444444443,63.662222222222226,40.244444444444454,13.564722222222223,83.42294444444443,2
2014-12-25,68.83180555555555,75.524,75.5321111111111,60.906527777777775,41.836111111111116,13.139777777777779,75.5321111111111,2
2014-12-26,135.82819444444445,119.07927777777779,101.99393162393162,83.84624999999998,62.76111111111111,7.055055555555555,135.82819444444445,3
2014-12-27,202.6358888888889,145.99616666666668,108.18208547008547,83.14916666666667,84.13611111111112,9.786611111111112,202.6358888888889,5
2014-12-28,73.61319444444445,77.71605555555556,66.84127777777778,45.10805555555556,44.67777777777777,16.224333333333334,77.71605555555556,2
2014-12-29,67.57208333333334,78.63050000000001,82.18916666666667,48.33847222222222,39.43333333333334,13.691,82.18916666666667,2
2014-12-30,60.078611111111115,72.47266666666667,68.19755555555557,40.99166666666666,33.15277777777778,14.69461111111111,72.47266666666667,2
2014-12-31,17.790000000000003,46.79555555555556,30.74688888888889,15.729027777777778,14.45,22.052000000000003,46.79555555555556,1
2015-01-01,53.71222222222222,61.68566666666666,80.5661111111111,42.62569444444444,33.67222222222222,12.838722222222223,80.5661111111111,2
2015-01-02,90.86513888888888,87.89416666666668,99.9582777777778,66.49208333333334,45.46111111111111,10.277999999999999,99.9582777777778,2
2015-01-03,123.43513888888887,104.608,104.25603418803419,70.32777777777778,66.20555555555555,11.645166666666668,123.43513888888887,3
2015-01-04,144.86249999999998,123.83672222222224,102.39044444444444,89.81708333333333,66.24444444444443,10.193888888888889,144.86249999999998,3
2015-01-05,113.96888888888888,110.71994444444444,87.39427777777777,66.86597222222221,54.047222222222224,12.136777777777779,113.96888888888888,3
2015-01-06,39.710476190476186,56.244444444444454,61.06894444444444,42.96347222222222,24.794444444444444,16.871,61.06894444444444,2
2015-01-07,104.79222222222221,93.47816666666667,90.33055555555556,69.63472222222222,54.53055555555555,10.081055555555556,104.79222222222221,3
2015-01-08,74.68541666666667,73.95844444444444,69.75916666666666,48.215555555555554,48.99166666666666,13.821277777777775,74.68541666666667,2
2015-01-09,50.14125,58.94883333333333,57.48,46.8225,33.75277777777777,15.879444444444443,58.94883333333333,2
2015-01-10,68.62083333333334,69.8138888888889,70.09649999999999,53.98125,47.724999999999994,14.001722222222222,70.09649999999999,2
2015-01-11,89.78472222222223,81.21572222222223,63.818000000000005,73.56597222222223,53.25833333333333,11.56961111111111,89.78472222222223,2
2015-01-12,108.53597222222221,93.88005555555556,60.22927777777778,70.29222222222222,58.34166666666667,9.857111111111111,108.53597222222221,3
2015-01-13,132.8626388888889,111.039,78.43522222222222,78.28819444444444,63.55833333333333,8.799222222222221,132.8626388888889,3
2015-01-14,194.17063492063494,138.48433333333332,83.65233333333333,84.21472222222222,83.67222222222222,8.61511111111111,194.17063492063494,4
2015-01-15,170.54920634920632,122.15861111111111,76.95144444444443,66.09152777777777,73.14444444444446,10.4055,170.54920634920632,4
2015-01-16,44.010952380952375,55.031222222222226,38.52755555555555,31.111250000000002,25.513888888888886,19.108999999999998,55.031222222222226,2
2015-01-17,60.80222222222223,66.8771111111111,66.87116666666668,52.64763888888889,40.802777777777784,13.431722222222222,66.8771111111111,2
2015-01-18,36.38619047619048,56.74077777777778,34.29511111111111,21.757361111111106,21.330555555555556,23.443722222222224,56.74077777777778,2
2015-01-19,51.61375,61.516999999999996,67.30572222222222,50.117222222222225,41.40833333333334,15.010555555555557,67.30572222222222,2
2015-01-20,54.05027777777778,66.09216666666666,64.78483333333334,51.03930555555556,48.949999999999996,14.61588888888889,66.09216666666666,2
2015-01-21,25.434285714285714,33.74911111111111,35.236,26.75541666666666,21.238888888888887,23.137555555555554,35.236,1
2015-01-22,66.19375000000001,68.19405555555556,69.13016666666667,53.13291666666666,45.12222222222222,14.57877777777778,69.13016666666667,2
2015-01-23,104.69388888888888,90.84227777777778,72.90788888888889,69.89472222222221,59.952777777777776,12.654499999999999,104.69388888888888,3
2015-01-24,147.8647222222222,125.38111111111111,59.955888888888886,82.02,73.73888888888888,9.503,147.8647222222222,3
2015-01-25,156.88730158730158,98.16172222222222,58.51138888888889,65.35972222222223,64.40277777777777,12.304277777777777,156.88730158730158,4
2015-01-26,143.05944444444444,103.66005555555556,59.68966666666667,60.753055555555555,47.17777777777777,13.610166666666666,143.05944444444444,3
2015-01-27,60.51749999999999,64.6021111111111,32.65888888888889,34.85458333333334,21.675,19.55772222222222,64.6021111111111,2
2015-01-28,60.15361111111112,64.13172222222221,37.92322222222222,46.67194444444444,23.705555555555556,18.010388888888894,64.13172222222221,2
2015-01-29,63.53944444444444,61.18244444444445,53.74644444444445,35.061388888888885,27.19444444444445,18.81544444444444,63.53944444444444,2
2015-01-30,26.573174603174603,41.082888888888895,40.226,29.021527777777777,18.86944444444444,23.361388888888893,41.082888888888895,1
2015-01-31,66.26124999999999,72.97911111111111,58.61716666666667,54.32236111111112,33.702777777777776,14.832500000000003,72.97911111111111,2
2015-02-01,140.57,114.738,68.0458888888889,75.90291666666667,57.16944444444444,11.982222222222221,140.57,3
2015-02-02,194.45428571428576,149.8676111111111,76.7491111111111,92.19902777777777,67.78333333333333,10.283166666666665,194.45428571428576,4
2015-02-03,125.17569444444446,96.08594444444445,67.78405555555557,53.09777777777778,40.31666666666666,18.662722222222225,125.17569444444446,3
2015-02-04,21.515238095238097,31.543666666666667,27.85377777777778,20.226805555555554,16.725,28.11388888888889,31.543666666666667,1
2015-02-05,23.616190476190475,38.577333333333335,43.48355555555556,30.008055555555558,20.81666666666667,23.240499999999997,43.48355555555556,1
2015-02-06,63.393611111111106,63.61644444444445,60.01088888888889,44.83305555555554,34.11944444444444,19.497944444444443,63.61644444444445,2
2015-02-07,34.39555555555556,53.111888888888885,39.47811111111111,37.39152777777778,24.17222222222222,21.06555555555555,53.111888888888885,2
2015-02-08,42.52238095238095,60.879333333333335,39.86077777777778,40.66666666666667,25.34166666666667,17.364166666666666,60.879333333333335,2
2015-02-09,63.47402777777778,68.32055555555556,62.94222222222222,52.872638888888886,41.663888888888884,15.014388888888888,68.32055555555556,2
2015-02-10,69.72666666666666,68.99733333333333,62.00511111111111,46.700277777777785,39.1,21.053888888888892,69.72666666666666,2
2015-02-11,41.71555555555555,58.40288888888889,43.07922222222223,40.021111111111104,27.111111111111114,22.947055555555554,58.40288888888889,2
2015-02-12,67.60736111111112,76.94922222222223,52.573166666666665,52.84375,37.94444444444444,18.46511111111111,76.94922222222223,2
2015-02-13,60.902361111111105,69.05622222222223,55.62461111111111,51.60125,45.11111111111111,18.473277777777778,69.05622222222223,2
2015-02-14,72.02208333333334,75.23322222222222,62.74761111111111,62.820972222222224,55.772222222222226,19.7625,75.23322222222222,2
2015-02-15,128.6291666666667,107.33211111111113,58.248777777777775,73.46777777777778,63.3,20.03355555555556,128.6291666666667,3
2015-02-16,30.947301587301588,59.830666666666666,32.43022222222222,23.57,24.291666666666668,25.59244444444444,59.830666666666666,2
2015-02-17,48.259365079365075,62.67722222222222,48.681999999999995,34.96208333333333,34.85833333333333,25.23494444444445,62.67722222222222,2
2015-02-18,68.51763888888888,70.58727777777776,47.20622222222223,36.07944444444444,38.358333333333334,29.65966666666667,70.58727777777776,2
2015-02-19,130.7527777777778,102.28599999999999,50.99538888888888,46.67194444444445,57.58333333333333,17.01161111111111,130.7527777777778,3
2015-02-20,185.07809523809527,113.07927777777779,43.972111111111104,48.67944444444444,60.89444444444445,11.847722222222222,185.07809523809527,4
2015-02-21,80.39263888888888,75.38827777777777,53.912499999999994,26.229166666666664,36.65277777777778,23.65511111111111,80.39263888888888,2
2015-02-22,14.507936507936508,32.68622222222222,19.92488888888889,12.000000000000002,20.163888888888888,30.703722222222222,32.68622222222222,1
2015-02-23,47.00730158730158,57.61088888888889,52.70066666666666,34.52402777777778,38.322222222222216,21.839055555555557,57.61088888888889,2
2015-02-24,67.38375,72.47288888888889,59.368722222222225,40.18013888888889,49.416666666666664,17.147055555555557,72.47288888888889,2
2015-02-25,36.6311111111111,60.071666666666665,25.219111111111115,19.61958333333333,26.913888888888888,28.058944444444446,60.071666666666665,2
2015-02-26,23.360634920634922,34.16477777777778,30.832333333333327,24.14805555555555,26.422222222222224,27.584277777777775,34.16477777777778,1
2015-02-27,52.20513888888889,56.162388888888884,25.016000000000005,31.325555555555553,31.058333333333337,23.967722222222218,56.162388888888884,2
2015-02-28,56.395555555555546,53.22055555555556,36.85333333333333,25.663611111111106,34.34166666666666,23.141444444444442,56.395555555555546,2
2015-03-01,25.300476190476193,42.20922222222222,39.71011111111111,24.242916666666666,31.66666666666667,25.4355,42.20922222222222,1
2015-03-02,46.10111111111111,56.47316666666667,51.18727777777778,26.88736111111111,34.68055555555556,23.50733333333333,56.47316666666667,2
2015-03-03,11.31968253968254,30.962888888888887,12.174555555555555,8.475972222222222,20.013888888888886,34.26433333333333,34.26433333333333,1
2015-03-04,26.4384126984127,44.88077777777779,38.26266666666667,35.049444444444454,28.580555555555552,24.113666666666663,44.88077777777779,1
2015-03-05,64.84097222222222,68.38499999999999,55.00705555555555,48.22152777777778,43.38333333333333,19.665000000000003,68.38499999999999,2
2015-03-06,88.42194444444445,75.9015,59.30844444444444,40.85875,46.83611111111111,21.888722222222224,88.42194444444445,2
2015-03-07,109.08097222222223,89.43833333333333,61.11494444444445,65.36819444444444,50.736111111111114,21.581611111111112,109.08097222222223,3
2015-03-08,126.80749999999998,104.03433333333332,53.84433333333334,70.16055555555556,56.56666666666666,19.530888888888892,126.80749999999998,3
2015-03-09,68.59277777777777,66.06477777777778,21.116555555555557,36.93013888888889,33.33055555555555,25.385222222222225,68.59277777777777,2
2015-03-10,42.22507936507937,51.897777777777776,36.84677777777778,37.33152777777777,36.62222222222222,23.2885,51.897777777777776,2
2015-03-11,39.08031746031745,52.575388888888895,43.19211111111111,38.29958333333333,39.763888888888886,22.891055555555557,52.575388888888895,2
2015-03-12,63.526250000000005,71.51772222222222,57.20933333333333,55.119305555555556,46.725,18.657777777777778,71.51772222222222,2
2015-03-13,68.69402777777776,72.423,43.424777777777784,55.279999999999994,43.04722222222222,21.273000000000003,72.423,2
2015-03-14,62.623333333333335,73.86427777777777,37.95044444444445,39.251527777777774,38.3,25.343055555555555,73.86427777777777,2
2015-03-15,57.71472222222222,86.66577777777778,39.656222222222226,38.64055555555556,37.32222222222223,25.517944444444446,86.66577777777778,2
2015-03-16,96.16319444444444,95.19088888888889,47.63677777777778,43.82236111111111,41.975,27.37416666666667,96.16319444444444,2
2015-03-17,150.82873015873014,128.28555555555556,30.215111111111113,51.070277777777775,46.43055555555555,30.50277777777778,150.82873015873014,3
2015-03-18,116.60902777777778,111.73538888888889,41.43244444444444,65.60347222222222,39.980555555555554,27.028166666666667,116.60902777777778,3
2015-03-19,76.51055555555556,83.84705555555556,47.568777777777775,53.42180555555555,34.33611111111111,22.718222222222224,83.84705555555556,2
2015-03-20,46.81523809523809,69.11633333333333,30.25488888888889,28.47888888888889,24.13888888888889,26.90894444444444,69.11633333333333,2
2015-03-21,37.17841269841269,65.87438888888889,21.47044444444444,21.226666666666667,20.002777777777776,30.79561111111111,65.87438888888889,2
2015-03-22,47.18396825396825,105.59844444444444,27.777777777777782,37.873472222222226,26.480555555555558,19.205111111111112,105.59844444444444,3
2015-03-23,41.40444444444445,87.15694444444443,26.867000000000004,30.31125,24.344444444444445,22.30716666666667,87.15694444444443,2
2015-03-24,77.30958333333332,96.40572222222222,46.62411111111111,44.91097222222221,30.422222222222224,23.958555555555552,96.40572222222222,2
2015-03-25,108.99444444444443,107.25083333333333,38.689,45.51347222222222,35.16388888888889,26.857277777777778,108.99444444444443,3
2015-03-26,69.66569444444445,73.69516666666667,32.568111111111115,35.67027777777778,25.099999999999994,32.48594444444444,73.69516666666667,2
2015-03-27,66.70097222222222,67.76005555555557,46.97188888888889,35.65597222222222,31.411111111111108,27.824277777777773,67.76005555555557,2
2015-03-28,55.21305555555556,73.26844444444444,34.897,26.57236111111111,22.68888888888889,27.725944444444448,73.26844444444444,2
2015-03-29,58.99791666666666,99.72905555555556,48.64666666666667,47.95041666666667,32.39722222222222,25.87222222222222,99.72905555555556,2
2015-03-30,96.61347222222224,113.15433333333334,40.93533333333333,47.50388888888889,39.74444444444445,31.78094444444444,113.15433333333334,3
2015-03-31,131.2038888888889,109.13366666666667,21.399,33.93680555555555,44.394444444444446,26.079611111111106,131.2038888888889,3
2015-04-01,41.14333333333333,43.00077777777778,9.236222222222223,22.227083333333333,28.444444444444443,23.903500000000005,43.00077777777778,1
2015-04-02,48.68698412698412,48.41855555555557,15.461444444444444,21.371944444444445,31.236111111111114,26.03588888888889,48.68698412698412,1
2015-04-03,79.38624999999999,68.44777777777779,19.26711111111111,32.662638888888885,36.047222222222224,25.500166666666658,79.38624999999999,2
2015-04-04,91.09027777777777,72.45077777777777,19.326111111111114,33.94361111111111,31.38333333333333,27.366555555555557,91.09027777777777,2
2015-04-05,34.05857142857143,48.852222222222224,10.582444444444445,17.442916666666665,13.966666666666669,29.926000000000002,48.852222222222224,1
2015-04-06,26.6568253968254,42.87888888888889,9.318888888888887,20.586388888888887,19.43055555555556,26.571722222222224,42.87888888888889,1
2015-04-07,56.80958333333333,61.771833333333326,16.835444444444445,34.18194444444444,24.33888888888889,26.820166666666665,61.771833333333326,2
2015-04-08,96.51249999999999,83.17711111111112,28.017444444444447,43.330416666666665,34.544444444444444,23.21416666666666,96.51249999999999,2
2015-04-09,68.03375,61.54472222222223,18.410666666666668,32.54361111111111,26.79722222222222,24.97572222222222,68.03375,2
2015-04-10,39.72523809523809,51.251777777777775,22.61577777777778,29.30027777777778,22.72777777777778,26.272555555555556,51.251777777777775,2
2015-04-11,42.562380952380956,58.42938888888889,21.496888888888883,28.667499999999997,21.094444444444445,25.187666666666672,58.42938888888889,2
2015-04-12,20.822222222222226,53.983777777777775,7.696888888888889,9.182083333333333,13.416666666666666,31.50655555555555,53.983777777777775,2
2015-04-13,25.356190476190474,33.56455555555555,12.666333333333334,16.03472222222222,17.008333333333336,32.73305555555555,33.56455555555555,1
2015-04-14,42.47666666666667,53.566500000000005,30.536888888888893,35.94430555555556,25.419444444444444,27.56838888888889,53.566500000000005,2
2015-04-15,71.25874999999999,98.28366666666666,39.98511111111111,32.28208333333333,25.108333333333334,26.159944444444445,98.28366666666666,2
2015-04-16,47.62428571428572,73.19388888888889,7.902444444444444,11.856111111111112,10.477777777777776,34.277277777777776,73.19388888888889,2
2015-04-17,53.40166666666668,79.41161111111111,26.02344444444445,36.32,21.266666666666666,25.883666666666667,79.41161111111111,2
2015-04-18,90.77291666666667,112.01677777777779,29.942111111111107,51.48444444444444,32.7,18.395666666666667,112.01677777777779,3
2015-04-19,60.69930555555555,64.16861111111112,14.474444444444444,29.751805555555553,23.216666666666665,21.794166666666666,64.16861111111112,2
2015-04-20,60.78888888888888,68.96905555555557,23.15977777777778,31.738333333333333,24.81388888888889,23.323944444444447,68.96905555555557,2
2015-04-21,54.85055555555555,64.01883333333333,21.429888888888886,27.260694444444447,20.02777777777778,26.46972222222222,64.01883333333333,2
2015-04-22,38.39793650793651,58.70077777777777,21.428444444444448,26.155416666666667,18.46944444444444,27.027444444444445,58.70077777777777,2
2015-04-23,50.23736111111112,65.61488888888888,35.83322222222222,34.67180555555556,25.372222222222224,30.18683333333333,65.61488888888888,2
2015-04-24,50.94527777777778,70.3555,19.84911111111111,34.008472222222224,21.836111111111112,35.004000000000005,70.3555,2
2015-04-25,59.90138888888889,72.62877777777777,31.015777777777775,53.150694444444454,20.069444444444446,28.954388888888886,72.62877777777777,2
2015-04-26,61.533055555555556,73.3375,36.961666666666666,45.40597222222222,23.2,29.528666666666666,73.3375,2
2015-04-27,56.492916666666666,63.74144444444445,34.34866666666667,29.31722222222222,20.5,33.517,63.74144444444445,2
2015-04-28,85.28083333333333,90.34844444444445,20.622777777777774,32.60347222222222,20.144444444444446,29.97072222222222,90.34844444444445,2
2015-04-29,103.80486111111111,98.98233333333333,36.10433333333333,47.036944444444444,26.416666666666664,36.54811111111111,103.80486111111111,3
2015-04-30,99.93472222222222,101.91377777777778,41.292222222222215,50.16375000000001,32.63333333333334,44.28533333333334,101.91377777777778,3
2015-05-01,64.63708333333332,66.76227777777777,21.412222222222223,31.333194444444445,18.855555555555554,28.07805555555556,66.76227777777777,2
2015-05-02,42.21968253968253,47.58211111111111,16.332555555555555,25.49902777777778,14.34722222222222,27.290944444444445,47.58211111111111,1
2015-05-03,68.14430555555556,74.33205555555557,22.52122222222222,29.889027777777784,14.51388888888889,29.676000000000002,74.33205555555557,2
2015-05-04,39.64666666666666,55.29838888888888,26.14377777777777,28.421388888888885,12.977777777777778,31.47144444444444,55.29838888888888,2
2015-05-05,74.59972222222223,83.81833333333333,41.625,41.562222222222225,24.691666666666666,31.49866666666667,83.81833333333333,2
2015-05-06,69.6836111111111,89.61305555555555,22.039333333333335,33.523611111111116,18.080555555555556,32.87983333333333,89.61305555555555,2
2015-05-07,60.24444444444445,70.63961111111111,30.272222222222222,35.78638888888889,13.258333333333336,29.483333333333334,70.63961111111111,2
2015-05-08,58.24694444444444,71.85344444444445,47.21466666666666,36.623749999999994,16.941666666666666,32.44683333333334,71.85344444444445,2
2015-05-09,48.366349206349206,52.84794444444445,13.328444444444445,26.68125,18.922222222222228,25.45172222222222,52.84794444444445,2
2015-05-10,35.13222222222222,42.49822222222222,15.814555555555552,35.72722222222223,19.56388888888889,16.923000000000002,42.49822222222222,1
2015-05-11,22.27920634920635,29.22988888888889,11.047777777777776,11.460138888888888,6.738888888888889,35.87294444444444,35.87294444444444,1
2015-05-12,26.08904761904762,41.940666666666665,20.091222222222218,20.515555555555554,8.697222222222221,39.265,41.940666666666665,1
2015-05-13,55.38374999999999,65.32627777777778,45.95644444444443,37.98777777777778,14.06388888888889,35.37316666666666,65.32627777777778,2
2015-05-14,42.16904761904762,70.3041111111111,24.16122222222223,33.778888888888886,10.655555555555555,28.68722222222222,70.3041111111111,2
2015-05-15,54.629166666666656,73.48361111111112,24.307444444444446,42.214027777777765,18.355555555555554,38.038666666666664,73.48361111111112,2
2015-05-16,65.80347222222223,69.69144444444444,30.010111111111108,44.93472222222222,18.68611111111111,40.06377777777778,69.69144444444444,2
2015-05-17,69.98902777777776,82.26266666666666,45.42644444444445,41.51069444444444,18.98611111111111,37.06838888888888,82.26266666666666,2
2015-05-18,35.23555555555555,50.826944444444436,18.566666666666666,20.508333333333333,6.969444444444445,37.38211111111111,50.826944444444436,1
2015-05-19,39.816984126984124,55.66388888888888,18.638444444444442,33.56152777777778,8.805555555555555,34.169444444444444,55.66388888888888,2
2015-05-20,25.594761904761906,36.708222222222226,17.35511111111111,24.315833333333334,8.922222222222222,37.214055555555554,37.214055555555554,1
2015-05-21,33.40619047619047,45.37522222222222,18.733222222222224,28.798194444444448,13.044444444444444,41.94533333333334,45.37522222222222,1
2015-05-22,61.560972222222226,57.966722222222224,36.044222222222224,31.358472222222225,15.519444444444444,40.92988888888889,61.560972222222226,2
2015-05-23,61.40402777777777,64.22272222222222,34.242,39.88458333333334,18.733333333333334,46.42711111111112,64.22272222222222,2
2015-05-24,81.73305555555555,78.19277777777778,42.195,42.986666666666665,27.20833333333333,58.46675925925928,81.73305555555555,2
2015-05-25,78.72763888888889,75.26916666666668,44.20322222222222,39.11444444444444,30.236111111111114,62.954351851851854,78.72763888888889,2
2015-05-26,82.7325,80.82300000000001,44.08633333333333,39.23166666666667,26.674999999999997,55.7274074074074,82.7325,2
2015-05-27,118.13916666666665,102.61716666666668,37.31811111111111,38.95652777777778,28.76666666666667,60.73787037037037,118.13916666666665,3
2015-05-28,110.77388888888889,98.5352777777778,37.315222222222225,40.59194444444445,29.81111111111111,49.88305555555556,110.77388888888889,3
2015-05-29,60.762222222222235,59.98905555555555,16.461111111111112,28.429027777777783,12.494444444444445,29.603333333333335,60.762222222222235,2
2015-05-30,36.01539682539683,53.494888888888894,29.220111111111112,31.13041666666666,12.591666666666669,35.833111111111116,53.494888888888894,2
2015-05-31,38.32571428571429,50.89916666666666,36.676222222222215,32.09027777777778,14.483333333333334,42.632000000000005,50.89916666666666,1
2015-06-01,49.84412698412699,58.57816666666667,41.845333333333336,34.29333333333333,16.30277777777778,45.304333333333346,58.57816666666667,2
2015-06-02,42.91730158730158,55.41788888888888,15.714999999999998,31.41194444444444,10.305555555555557,41.44538888888889,55.41788888888888,2
2015-06-03,39.07476190476191,57.71461111111111,23.642555555555553,41.52111111111111,13.358333333333336,47.66383333333332,57.71461111111111,2
2015-06-04,51.552499999999995,60.71022222222222,27.584555555555557,22.967499999999998,13.905555555555557,43.59394444444444,60.71022222222222,2
2015-06-05,60.039444444444456,77.25655555555554,24.576,30.20430555555556,13.305555555555557,34.46505555555555,77.25655555555554,2
2015-06-06,59.91416666666666,73.01372222222223,35.27711111111111,42.90569444444445,16.944444444444443,43.3055,73.01372222222223,2
2015-06-07,39.35079365079365,53.01661111111112,14.371555555555553,32.19583333333333,13.716666666666669,36.121722222222225,53.01661111111112,2
2015-06-08,36.62777777777777,45.09855555555555,18.757666666666665,27.325555555555553,13.180555555555554,33.67461111111111,45.09855555555555,1
2015-06-09,46.82142857142857,62.35033333333333,34.50166666666667,29.10847222222222,21.297222222222224,51.41138888888888,62.35033333333333,2
2015-06-10,54.553472222222226,69.76616666666666,12.642666666666669,18.995833333333334,13.516666666666666,39.39938888888889,69.76616666666666,2
2015-06-11,15.470158730158726,26.909333333333333,9.05,9.457083333333332,6.908333333333333,33.3105,33.3105,1
2015-06-12,23.54444444444444,38.093555555555554,15.032333333333332,17.39569444444444,8.825000000000001,31.2495,38.093555555555554,1
2015-06-13,19.10936507936508,30.520444444444447,11.745444444444445,12.42222222222222,8.258333333333333,38.85977777777778,38.85977777777778,1
2015-06-14,39.57730158730159,56.99583333333334,18.055444444444444,27.48902777777777,14.094444444444445,40.241833333333325,56.99583333333334,2
2015-06-15,72.26611111111112,72.97605555555555,31.513777777777776,35.14597222222222,25.91111111111111,41.80444444444445,72.97605555555555,2
2015-06-16,80.10222222222222,72.72955555555555,26.676222222222222,26.255833333333335,22.46944444444444,48.93327777777777,80.10222222222222,2
2015-06-17,76.6376388888889,70.86805555555556,24.496555555555556,31.549583333333334,24.36666666666667,45.40233333333334,76.6376388888889,2
2015-06-18,43.841746031746034,50.7,10.796444444444443,20.613333333333333,13.81111111111111,41.31816666666666,50.7,1
2015-06-19,51.44541666666666,64.7485,18.470333333333333,33.41708333333333,15.988888888888889,46.318555555555555,64.7485,2
2015-06-20,39.13460317460317,52.007666666666665,9.808444444444445,20.623333333333335,12.238888888888887,42.396611111111106,52.007666666666665,2
2015-06-21,54.77166666666666,64.76555555555555,25.742555555555555,39.63583333333334,16.43888888888889,37.82855555555556,64.76555555555555,2
2015-06-22,87.75,81.20383333333334,24.15811111111111,38.29291666666667,25.577777777777776,46.14088888888889,87.75,2
2015-06-23,113.19986111111112,95.79294444444444,23.638555555555556,38.780833333333334,27.52777777777778,40.76094444444444,113.19986111111112,3
2015-06-24,55.37958333333333,57.52488888888889,16.795333333333335,26.13625,17.00277777777778,33.43150000000001,57.52488888888889,2
2015-06-25,69.20958333333334,70.83455555555557,15.55733333333333,28.140972222222217,20.90277777777778,42.01305555555555,70.83455555555557,2
2015-06-26,88.80055555555556,76.22749999999999,17.650111111111112,26.549861111111113,20.74722222222222,58.424259259259244,88.80055555555556,2
2015-06-27,155.58476190476188,104.4295,19.737555555555556,26.226805555555558,29.733333333333334,85.72111111111113,155.58476190476188,4
2015-06-28,125.3847222222222,91.10150000000002,24.601444444444443,30.79111111111111,22.31388888888889,74.06194444444445,125.3847222222222,3
2015-06-29,82.14152777777777,62.64161111111111,12.57022222222222,26.19111111111111,17.430555555555557,47.67661111111111,82.14152777777777,2
2015-06-30,52.249444444444435,50.968277777777786,13.854999999999997,27.036250000000003,15.072222222222223,29.086333333333332,52.249444444444435,2
2015-07-01,34.827936507936506,41.38188888888889,21.058555555555554,27.576111111111118,9.394444444444444,33.71527777777778,41.38188888888889,1
2015-07-02,22.41539682539683,42.23944444444445,14.736222222222217,32.95652777777777,8.108333333333334,35.27155555555556,42.23944444444445,1
2015-07-03,29.771269841269845,50.045500000000004,24.63577777777778,42.39875000000001,9.933333333333334,34.16677777777778,50.045500000000004,1
2015-07-04,53.84250000000001,68.15983333333332,47.631222222222235,49.62152777777778,15.305555555555559,46.62655555555556,68.15983333333332,2
2015-07-05,75.5638888888889,73.86822222222222,33.891555555555556,35.04597222222222,16.75277777777778,54.79935185185184,75.5638888888889,2
2015-07-06,108.50375000000001,85.85133333333334,24.082111111111107,32.00375,16.908333333333335,51.117870370370376,108.50375000000001,3
2015-07-07,120.48597222222222,93.3425,24.65866666666666,36.05416666666667,18.552777777777777,46.48,120.48597222222222,3
2015-07-08,112.54236111111112,86.58094444444444,21.40822222222222,37.090555555555554,16.566666666666666,46.108000000000004,112.54236111111112,3
2015-07-09,83.59777777777778,76.91944444444445,23.72244444444445,39.20027777777777,14.827777777777776,48.63327777777778,83.59777777777778,2
2015-07-10,103.7836111111111,85.64238888888889,22.666111111111107,34.139583333333334,17.26388888888889,42.15633333333333,103.7836111111111,3
2015-07-11,93.73722222222221,76.96522222222221,25.593555555555554,34.73888888888889,18.633333333333333,40.992111111111114,93.73722222222221,2
2015-07-12,65.4525,63.81527777777778,22.881222222222224,34.909305555555555,13.477777777777778,40.743500000000004,65.4525,2
2015-07-13,70.4063888888889,73.60833333333333,34.36555555555556,38.920972222222225,15.827777777777778,42.897,73.60833333333333,2
2015-07-14,73.40819444444445,76.06477777777778,21.76811111111111,45.08569444444444,16.15833333333333,38.084,76.06477777777778,2
2015-07-15,65.72944444444445,64.60494444444444,19.98288888888889,36.26555555555556,16.727777777777778,30.48811111111111,65.72944444444445,2
2015-07-16,52.687222222222225,46.923111111111105,11.094,12.381805555555555,12.002777777777778,35.840444444444444,52.687222222222225,2
2015-07-17,74.65625,63.27755555555555,11.477000000000002,22.826249999999998,17.594444444444445,32.82266666666667,74.65625,2
2015-07-18,65.97819444444444,60.50233333333333,15.274666666666667,29.517361111111114,15.930555555555554,25.138777777777776,65.97819444444444,2
2015-07-19,92.01875000000001,71.3116111111111,10.724,26.64847222222222,17.83888888888889,23.082555555555558,92.01875000000001,2
2015-07-20,102.27930555555557,78.22188888888888,13.853777777777777,27.675277777777772,19.000000000000004,20.125500000000002,102.27930555555557,3
2015-07-21,86.18805555555556,72.26738888888889,15.55288888888889,23.42263888888889,19.886111111111113,21.298388888888883,86.18805555555556,2
2015-07-22,62.36916666666666,59.87188888888889,19.195333333333334,18.865000000000002,16.400000000000002,28.49661111111111,62.36916666666666,2
2015-07-23,47.5004761904762,51.83211111111112,18.311666666666667,19.736805555555556,13.41388888888889,27.990833333333338,51.83211111111112,2
2015-07-24,38.49809523809524,44.1891111111111,16.94666666666667,23.293472222222224,11.005555555555556,29.575833333333335,44.1891111111111,1
2015-07-25,46.0757142857143,52.09794444444445,18.883777777777777,22.920694444444443,12.680555555555554,30.76505555555555,52.09794444444445,2
2015-07-26,59.41208333333334,63.047222222222224,18.390777777777775,28.26888888888889,17.616666666666667,33.26511111111112,63.047222222222224,2
2015-07-27,109.67361111111111,84.678,18.302222222222223,26.53361111111111,26.85,34.356944444444444,109.67361111111111,3
2015-07-28,103.51680555555555,80.08227777777778,14.582666666666661,20.81208333333333,23.397222222222226,31.633499999999998,103.51680555555555,3
2015-07-29,80.94416666666666,69.32183333333333,12.901,17.88180555555555,16.841666666666665,28.387944444444443,80.94416666666666,2
2015-07-30,85.52305555555556,76.49255555555555,17.597666666666665,29.56347222222222,17.158333333333335,23.881555555555554,85.52305555555556,2
2015-07-31,40.16,44.27411111111112,10.614111111111113,18.292222222222225,16.697222222222223,23.402500000000003,44.27411111111112,1
2015-08-01,54.357083333333335,55.67194444444445,10.555444444444445,24.80291666666667,22.70277777777778,18.754555555555555,55.67194444444445,2
2015-08-02,43.30904761904762,49.11955555555555,11.400555555555556,16.50819444444444,14.958333333333332,27.383666666666667,49.11955555555555,1
2015-08-03,44.57190476190476,44.11266666666666,9.511333333333335,19.257777777777775,13.31111111111111,22.27888888888889,44.57190476190476,1
2015-08-04,24.689841269841267,30.000333333333334,15.160444444444442,21.952916666666663,12.483333333333334,22.6545,30.000333333333334,1
2015-08-05,58.97083333333334,59.41261111111111,21.219333333333335,24.818194444444448,18.808333333333334,24.565666666666672,59.41261111111111,2
2015-08-06,53.110416666666666,57.674055555555555,21.728555555555555,30.97291666666667,18.461111111111116,26.4945,57.674055555555555,2
2015-08-07,66.47986111111112,64.14616666666666,16.055555555555554,26.07486111111111,14.79722222222222,26.174388888888892,66.47986111111112,2
2015-08-08,87.31027777777777,72.10888888888888,13.75622222222222,25.084722222222222,14.547222222222222,28.820222222222224,87.31027777777777,2
2015-08-09,77.55027777777778,65.51316666666668,17.42522222222222,24.502777777777773,15.263888888888891,26.712111111111113,77.55027777777778,2
2015-08-10,70.91208333333333,66.84422222222221,16.987777777777776,27.595555555555556,15.133333333333335,25.45211111111111,70.91208333333333,2
2015-08-11,58.43583333333334,62.77988888888889,16.600333333333335,27.49097222222222,13.855555555555558,24.444777777777777,62.77988888888889,2
2015-08-12,57.42097222222222,63.04055555555556,22.17544444444444,29.805138888888884,15.508333333333333,26.287500000000005,63.04055555555556,2
2015-08-13,60.14930555555555,65.89877777777778,24.906666666666666,31.144861111111105,18.672222222222224,30.962666666666667,65.89877777777778,2
2015-08-14,41.17555555555555,49.94011111111112,14.330555555555554,20.01611111111111,10.619444444444444,33.58361111111111,49.94011111111112,1
2015-08-15,39.208888888888886,50.876777777777775,20.598444444444443,24.845694444444447,12.33611111111111,30.19355555555556,50.876777777777775,1
2015-08-16,48.411587301587296,60.42922222222222,26.387666666666664,33.208194444444445,15.813888888888886,36.23177777777778,60.42922222222222,2
2015-08-17,62.406388888888884,69.36038888888888,24.183000000000003,29.75222222222222,17.569444444444446,34.214055555555554,69.36038888888888,2
2015-08-18,91.17958333333333,82.06577777777778,22.38611111111111,32.57541666666667,21.92777777777778,27.885444444444445,91.17958333333333,2
2015-08-19,55.92319444444445,59.1115,20.188888888888886,22.46472222222222,18.913888888888888,28.24111111111111,59.1115,2
2015-08-20,39.52253968253968,48.85444444444445,14.117666666666667,21.49111111111111,11.252777777777778,25.174277777777778,48.85444444444445,1
2015-08-21,29.56825396825397,49.30299999999999,17.969333333333335,23.727361111111108,10.213888888888889,25.096222222222224,49.30299999999999,1
2015-08-22,27.04126984126984,46.49733333333334,15.930999999999997,28.119166666666665,10.66111111111111,24.339944444444445,46.49733333333334,1
2015-08-23,40.203968253968256,56.673388888888894,18.194,35.36958333333333,15.016666666666667,23.851333333333333,56.673388888888894,2
2015-08-24,43.60253968253969,52.07322222222223,13.842333333333334,26.929305555555555,16.686111111111114,26.21638888888889,52.07322222222223,2
2015-08-25,34.92015873015873,44.51444444444444,11.732777777777779,20.186527777777776,13.02222222222222,29.356333333333342,44.51444444444444,1
2015-08-26,36.30857142857142,49.85311111111111,15.12088888888889,28.55569444444445,12.766666666666666,23.16711111111111,49.85311111111111,1
2015-08-27,32.65269841269841,49.61933333333334,19.25744444444444,29.137638888888894,13.188888888888886,22.67833333333333,49.61933333333334,1
2015-08-28,28.8931746031746,38.767,16.676444444444446,22.15722222222222,12.397222222222222,27.673000000000002,38.767,1
2015-08-29,48.419999999999995,55.06888888888888,18.561888888888888,23.781666666666666,17.474999999999998,31.748277777777776,55.06888888888888,2
2015-08-30,54.67430555555555,53.54900000000001,13.372555555555556,17.035138888888888,18.205555555555556,32.68116666666666,54.67430555555555,2
2015-08-31,32.34111111111111,31.599,10.60577777777778,18.917222222222218,16.866666666666667,29.941777777777784,32.34111111111111,1
2015-09-01,29.781904761904766,36.544555555555554,13.147444444444442,20.03888888888889,15.466666666666665,24.259888888888884,36.544555555555554,1
2015-09-02,18.372698412698412,24.34244444444444,10.939666666666668,16.034583333333334,10.208333333333334,23.180555555555554,24.34244444444444,1
2015-09-03,17.955396825396825,25.402777777777775,12.70144444444444,17.73847222222222,10.141666666666667,21.711222222222222,25.402777777777775,1
2015-09-04,29.702063492063495,34.6131111111111,9.928666666666667,23.449722222222224,16.744444444444444,20.32755555555556,34.6131111111111,1
2015-09-05,42.26968253968254,50.007555555555555,15.78411111111111,21.63986111111111,20.463888888888892,16.264277777777778,50.007555555555555,1
2015-09-06,21.04793650793651,25.650777777777776,11.15677777777778,18.952638888888888,17.305555555555554,20.90916666666667,25.650777777777776,1
2015-09-07,30.03873015873016,40.22766666666667,16.141888888888886,24.165833333333335,16.93611111111111,24.84166666666667,40.22766666666667,1
2015-09-08,55.215138888888895,62.19477777777777,23.09566666666667,36.079166666666666,26.369444444444447,26.16072222222222,62.19477777777777,2
2015-09-09,69.44125,59.223611111111104,17.249222222222222,30.84486111111111,25.086111111111116,30.264277777777778,69.44125,2
2015-09-10,40.59,36.532111111111114,10.881222222222222,27.026388888888896,21.272222222222222,20.894388888888887,40.59,1
2015-09-11,19.063968253968255,23.299555555555557,15.974666666666668,19.363055555555555,13.044444444444444,19.604944444444445,23.299555555555557,1
2015-09-12,10.157301587301587,15.283444444444445,14.553888888888887,19.747777777777777,7.569444444444444,25.876111111111115,25.876111111111115,1
2015-09-13,24.96031746031745,41.00966666666666,31.285777777777774,39.261111111111106,13.605555555555556,20.83416666666667,41.00966666666666,1
2015-09-14,55.30041666666666,64.07372222222222,40.10155555555556,41.679861111111116,21.62777777777778,28.391611111111114,64.07372222222222,2
2015-09-15,92.60819444444445,79.72938888888888,30.517555555555553,44.341388888888886,26.130555555555556,35.56794444444444,92.60819444444445,2
2015-09-16,85.66027777777778,77.61105555555557,31.38566666666667,47.44388888888889,28.097222222222225,32.022,85.66027777777778,2
2015-09-17,95.21680555555557,80.91905555555556,29.283555555555555,45.543055555555554,28.005555555555556,30.376722222222224,95.21680555555557,2
2015-09-18,74.05277777777779,66.5758888888889,20.816333333333336,35.86319444444444,21.683333333333334,26.51827777777778,74.05277777777779,2
2015-09-19,44.728095238095236,54.54211111111111,21.745555555555555,32.513333333333335,16.130555555555556,25.30427777777778,54.54211111111111,2
2015-09-20,66.69680555555556,68.17477777777779,37.336666666666666,38.30680555555556,24.14722222222222,29.206555555555557,68.17477777777779,2
2015-09-21,91.72111111111113,83.60733333333334,37.92133333333334,42.01875,31.88888888888889,27.70344444444445,91.72111111111113,2
2015-09-22,88.83944444444445,76.85933333333335,30.651222222222216,37.44861111111111,27.46944444444444,25.594333333333335,88.83944444444445,2
2015-09-23,48.8184126984127,51.763111111111115,22.406999999999996,38.316250000000004,16.825000000000003,17.672888888888888,51.763111111111115,2
2015-09-24,51.734027777777776,58.285555555555554,35.806222222222225,40.73972222222223,20.33611111111111,23.791222222222228,58.285555555555554,2
2015-09-25,24.65555555555556,34.257222222222225,17.02,32.05236111111111,10.333333333333332,25.305222222222223,34.257222222222225,1
2015-09-26,35.981746031746034,53.14172222222223,29.852555555555554,43.64305555555556,18.441666666666666,23.616000000000003,53.14172222222223,2
2015-09-27,65.69583333333334,68.9915,36.235,40.495,24.900000000000002,31.834666666666664,68.9915,2
2015-09-28,57.787638888888885,57.25727777777778,13.254666666666665,26.139444444444443,20.447222222222226,33.51716666666666,57.787638888888885,2
2015-09-29,25.63888888888889,26.484777777777776,10.674555555555555,40.13916666666667,30.45555555555556,9.819055555555556,40.13916666666667,1
2015-09-30,33.692698412698405,34.51188888888888,16.584555555555557,36.06513888888889,21.00277777777778,10.436666666666667,36.06513888888889,1
2015-10-01,16.002380952380953,24.038555555555558,8.74211111111111,11.35777777777778,7.2138888888888895,27.718722222222222,27.718722222222222,1
2015-10-02,28.665555555555557,47.73166666666666,26.638444444444445,27.39708333333333,13.452777777777778,23.511611111111105,47.73166666666666,1
2015-10-03,33.45984126984127,53.22338888888889,26.925555555555558,40.70805555555555,17.652777777777775,19.81661111111111,53.22338888888889,2
2015-10-04,52.92097222222222,65.22611111111112,42.935444444444435,49.85722222222222,24.758333333333336,19.193388888888887,65.22611111111112,2
2015-10-05,59.02152777777778,66.29394444444445,43.48977777777778,48.66236111111111,24.39166666666667,23.057666666666663,66.29394444444445,2
2015-10-06,61.730277777777786,73.13261111111112,42.06922222222222,56.773888888888884,28.02777777777778,25.263555555555556,73.13261111111112,2
2015-10-07,76.29680555555555,69.76927777777777,43.09077777777779,36.297361111111115,26.177777777777784,25.371611111111108,76.29680555555555,2
2015-10-08,17.450158730158723,29.427333333333337,13.30111111111111,16.837083333333336,9.258333333333333,26.290944444444445,29.427333333333337,1
2015-10-09,18.734603174603176,34.440777777777775,23.371777777777776,22.024027777777782,11.527777777777777,24.44377777777778,34.440777777777775,1
2015-10-10,13.849841269841269,24.655666666666672,12.006444444444446,19.81791666666667,9.169444444444446,23.459722222222222,24.655666666666672,1
2015-10-11,15.86428571428571,23.871333333333336,15.558555555555559,21.058749999999996,10.836111111111112,25.60488888888889,25.60488888888889,1
2015-10-12,25.276666666666667,39.16133333333334,26.775333333333336,37.279027777777785,16.772222222222222,21.22577777777778,39.16133333333334,1
2015-10-13,41.189841269841274,58.228833333333334,35.849,54.05319444444444,23.361111111111107,21.263055555555557,58.228833333333334,2
2015-10-14,59.18666666666666,64.99183333333332,40.86233333333333,44.380555555555546,23.916666666666668,20.87872222222222,64.99183333333332,2
2015-10-15,48.6763492063492,55.18622222222223,35.812777777777775,42.96541666666666,20.61111111111111,23.068444444444438,55.18622222222223,2
2015-10-16,55.71083333333333,65.83816666666667,35.676444444444435,63.402361111111105,26.080555555555556,23.277722222222224,65.83816666666667,2
2015-10-17,84.89736111111111,82.20183333333333,44.60766666666667,71.72458333333333,33.852777777777774,24.438611111111115,84.89736111111111,2
2015-10-18,85.84444444444443,80.38033333333334,23.441999999999997,54.31194444444444,35.26388888888889,14.44383333333333,85.84444444444443,2
2015-10-19,92.29222222222221,81.05533333333332,31.775333333333332,53.34777777777777,37.43333333333334,18.611166666666666,92.29222222222221,2
2015-10-20,124.91527777777776,105.05044444444444,28.48422222222222,68.29722222222222,42.40277777777777,8.038944444444445,124.91527777777776,3
2015-10-21,73.05236111111111,63.59133333333333,16.149555555555555,52.41527777777777,34.29722222222222,5.870833333333334,73.05236111111111,2
2015-10-22,23.665396825396826,24.399444444444445,13.47888888888889,42.05444444444445,22.825000000000003,4.474111111111111,42.05444444444445,1
2015-10-23,48.3015873015873,48.432666666666655,29.918000000000003,43.03402777777778,30.355555555555558,11.12877777777778,48.432666666666655,1
2015-10-24,62.82513888888889,59.897333333333336,21.82455555555556,50.68402777777778,32.74166666666666,9.743500000000001,62.82513888888889,2
2015-10-25,25.253174603174607,26.25188888888889,9.976,36.94847222222222,16.233333333333334,18.561222222222224,36.94847222222222,1
2015-10-26,27.40904761904762,34.023666666666664,11.660000000000002,25.211666666666666,13.444444444444445,20.142944444444442,34.023666666666664,1
2015-10-27,23.656507936507936,42.03911111111111,25.037222222222216,32.09638888888889,18.275,20.166333333333334,42.03911111111111,1
2015-10-28,36.20761904761905,52.61955555555555,30.957777777777782,45.260138888888896,20.119444444444447,15.024444444444446,52.61955555555555,2
2015-10-29,32.40238095238096,47.34677777777778,26.41311111111111,44.166805555555555,16.744444444444444,16.495,47.34677777777778,1
2015-10-30,34.521269841269834,42.37055555555557,30.708,40.87583333333334,16.627777777777776,17.15238888888889,42.37055555555557,1
2015-10-31,52.447083333333325,60.70972222222222,54.42888888888889,53.58708333333333,26.944444444444443,11.992944444444447,60.70972222222222,2
2015-11-01,47.41857142857144,53.05955555555556,55.86261111111111,46.24111111111112,21.727777777777778,15.595222222222224,55.86261111111111,2
2015-11-02,54.83444444444444,59.58144444444444,53.29044444444445,53.39166666666667,26.955555555555556,14.53,59.58144444444444,2
2015-11-03,85.31972222222223,83.96805555555557,57.09133333333333,85.03749999999998,40.650000000000006,11.632055555555553,85.31972222222223,2
2015-11-04,140.26055555555558,110.12283333333333,62.34877777777778,97.07611111111112,49.58333333333333,9.886388888888888,140.26055555555558,3
2015-11-05,148.41375,110.52077777777777,38.73444444444445,64.72888888888889,39.03611111111111,12.342611111111111,148.41375,3
2015-11-06,22.216190476190473,21.31222222222222,18.640666666666664,30.957777777777785,15.436111111111114,12.423611111111109,30.957777777777785,1
2015-11-07,35.07746031746032,30.92733333333333,35.656777777777776,35.003055555555555,20.41388888888889,14.417666666666667,35.656777777777776,1
2015-11-08,84.49583333333334,67.03972222222222,63.88466666666666,51.55888888888889,37.133333333333326,9.342833333333333,84.49583333333334,2
2015-11-09,68.91625,61.843944444444446,53.93216666666666,45.64041666666665,35.62222222222222,11.219388888888888,68.91625,2
2015-11-10,78.54041666666667,67.91027777777776,56.084999999999994,61.213333333333324,42.836111111111116,4.547888888888889,78.54041666666667,2
2015-11-11,64.06861111111111,62.478500000000004,54.876111111111115,58.76291666666667,47.81111111111111,3.5666666666666664,64.06861111111111,2
2015-11-12,62.023333333333326,59.91755555555555,48.75433333333333,53.85041666666666,51.01944444444444,5.637722222222222,62.023333333333326,2
2015-11-13,82.13152777777778,73.76455555555555,52.23144444444445,55.40416666666666,48.108333333333334,6.623111111111111,82.13152777777778,2
2015-11-14,119.15013888888888,94.00222222222222,63.95077777777777,58.464999999999996,49.58333333333334,9.874333333333333,119.15013888888888,3
2015-11-15,124.74972222222222,94.7088888888889,64.16938888888888,57.435,47.125,8.63588888888889,124.74972222222222,3
2015-11-16,62.30027777777778,55.42955555555555,40.088666666666676,47.13111111111112,44.324999999999996,9.337055555555557,62.30027777777778,2
2015-11-17,67.78583333333333,60.76,54.700944444444445,50.95194444444444,42.48333333333332,5.337277777777778,67.78583333333333,2
2015-11-18,50.314027777777774,47.45766666666666,47.12755555555555,46.54972222222223,37.28888888888889,6.9301666666666675,50.314027777777774,1
2015-11-19,69.06625000000001,62.90138888888888,57.336388888888884,51.20166666666666,41.922222222222224,3.546666666666667,69.06625000000001,2
2015-11-20,65.83875,60.70127777777778,52.61283333333333,48.0675,41.102777777777774,2.6961111111111116,65.83875,2
2015-11-21,53.97666666666667,50.10677777777778,36.96577777777778,45.31833333333334,46.2,2.6695555555555557,53.97666666666667,2
2015-11-22,35.64873015873017,30.092111111111112,32.707,40.64722222222222,30.055555555555554,6.107166666666667,40.64722222222222,1
2015-11-23,50.09999999999999,45.89711111111111,37.050222222222224,37.59444444444444,28.71388888888889,9.08538888888889,50.09999999999999,1
2015-11-24,63.90458333333334,55.53838888888889,49.54500000000001,35.285833333333336,24.616666666666664,15.51911111111111,63.90458333333334,2
2015-11-25,80.63138888888889,63.21961111111111,72.24838888888888,33.40069444444444,31.116666666666664,15.270333333333335,80.63138888888889,2
2015-11-26,41.544603174603175,41.07633333333333,51.014111111111106,33.147222222222226,21.583333333333332,19.171722222222225,51.014111111111106,2
2015-11-27,105.83972222222222,79.54905555555555,76.84588888888888,57.30125,46.40555555555556,8.7685,105.83972222222222,3
2015-11-28,203.85444444444445,124.88005555555556,74.696,82.785,62.330555555555556,8.049888888888889,203.85444444444445,5
2015-11-29,160.33079365079362,108.72361111111111,72.15672222222221,73.28555555555556,59.83333333333333,8.250944444444444,160.33079365079362,4
2015-11-30,197.28619047619048,132.00577777777778,80.65338888888888,86.40513888888889,69.15277777777779,6.6292777777777765,197.28619047619048,4
2015-12-01,130.71125,106.665,62.46266666666667,47.47888888888888,48.93611111111112,15.637611111111115,130.71125,3
2015-12-02,17.637301587301586,53.882666666666665,14.50211111111111,11.202500000000002,13.830555555555557,29.026833333333332,53.882666666666665,2
2015-12-03,12.256349206349208,24.602777777777774,16.434333333333335,13.464166666666666,11.95277777777778,26.429388888888887,26.429388888888887,1
2015-12-04,32.47380952380952,43.06366666666667,42.19222222222222,30.51125,20.125,19.682666666666666,43.06366666666667,1
2015-12-05,55.37,63.37272222222222,57.100944444444444,52.2261111111111,29.21388888888889,11.678444444444445,63.37272222222222,2
2015-12-06,100.38736111111112,103.46922222222221,91.19788888888891,76.13902777777777,49.05,4.471055555555555,103.46922222222221,3
2015-12-07,206.36633333333333,159.39983333333336,98.5796111111111,95.35638888888889,72.79722222222222,3.8932777777777776,206.36633333333333,5
2015-12-08,246.41966666666667,182.15655555555554,98.0615,90.03500000000001,76.02777777777777,4.5925,246.41966666666667,5
2015-12-09,226.95833333333334,157.84283333333335,88.6551111111111,77.67500000000001,66.8638888888889,5.0605,226.95833333333334,5
2015-12-10,183.55317460317463,127.42494444444445,77.36100000000002,74.53791666666667,59.21944444444445,7.644611111111113,183.55317460317463,4
2015-12-11,119.67972222222221,102.8026111111111,59.648722222222226,75.56125,49.125,7.998888888888889,119.67972222222221,3
2015-12-12,160.02126984126986,121.25555555555557,69.89394444444446,84.90833333333333,54.93055555555556,7.315499999999999,160.02126984126986,4
2015-12-13,203.32677777777778,147.86561111111115,75.8908888888889,92.32027777777779,66.5611111111111,4.724555555555556,203.32677777777778,5
2015-12-14,55.61236111111111,53.58366666666667,37.60033333333333,27.58694444444444,27.63055555555556,20.019555555555556,55.61236111111111,2
2015-12-15,14.714444444444446,26.22544444444445,16.771,14.353055555555557,14.133333333333335,24.46511111111111,26.22544444444445,1
2015-12-16,13.322063492063492,21.075555555555553,21.019888888888886,16.630972222222223,11.922222222222222,22.767222222222227,22.767222222222227,1
2015-12-17,45.91492063492064,54.95272222222222,54.939944444444436,42.39527777777777,26.84722222222222,12.567555555555558,54.95272222222222,2
2015-12-18,79.10694444444445,77.059,63.20005555555556,64.45541666666668,40.10833333333334,8.700722222222222,79.10694444444445,2
2015-12-19,105.8075,97.87527777777777,61.19488888888889,71.40958333333333,45.24166666666667,6.286833333333333,105.8075,3
2015-12-20,136.9513888888889,107.78022222222222,77.55972222222223,60.56472222222223,52.15555555555555,7.452222222222223,136.9513888888889,3
2015-12-21,141.75972222222222,108.04050000000001,65.36255555555556,68.94416666666667,52.79999999999999,7.991277777777778,141.75972222222222,3
2015-12-22,238.24666666666667,180.71427777777777,88.59855555555555,96.58166666666668,70.91666666666666,3.7415555555555557,238.24666666666667,5
2015-12-23,178.8334920634921,118.822,79.14461111111112,67.60305555555556,58.863888888888894,8.357944444444444,178.8334920634921,4
2015-12-24,109.6548611111111,90.18027777777779,65.86516666666668,48.79708333333333,35.388888888888886,13.781944444444445,109.6548611111111,3
2015-12-25,41.14571428571429,63.97244444444444,43.77822222222222,23.651388888888892,24.133333333333336,20.442277777777775,63.97244444444444,2
2015-12-26,74.14111111111112,84.83416666666668,50.93333333333334,45.83277777777778,46.11944444444444,12.451555555555556,84.83416666666668,2
2015-12-27,60.61291666666666,60.44783333333333,29.08577777777778,32.657500000000006,26.400000000000002,8.069666666666667,60.61291666666666,2
2015-12-28,100.00222222222222,87.33033333333333,61.120555555555555,48.46055555555556,44.269444444444446,7.636388888888888,100.00222222222222,2
2015-12-29,130.68875,107.23672222222223,78.14005555555556,55.260555555555555,49.177777777777784,10.7025,130.68875,3
2015-12-30,33.54015873015874,50.658944444444444,35.410222222222224,31.006666666666668,19.813888888888894,16.677333333333333,50.658944444444444,1
2015-12-31,97.28986111111111,93.59933333333333,76.97638888888889,55.795416666666675,45.27777777777778,7.180611111111111,97.28986111111111,2
2016-01-01,143.4440277777778,110.32072222222223,89.34488888888889,58.4148611111111,54.04444444444444,9.415666666666667,143.4440277777778,3
2016-01-02,164.69111111111113,118.41394444444445,82.34494444444445,71.17847222222221,60.59722222222223,9.765555555555556,164.69111111111113,4
2016-01-03,126.45291666666667,95.25994444444444,67.18905555555554,60.24874999999999,42.474999999999994,11.19522222222222,126.45291666666667,3
2016-01-04,179.36809523809526,127.27633333333334,53.22044444444444,87.05041666666666,61.17222222222222,9.226777777777778,179.36809523809526,4
2016-01-05,100.39541666666666,78.93461111111111,58.60444444444445,51.86833333333333,33.883333333333326,12.382611111111112,100.39541666666666,2
2016-01-06,51.526111111111106,55.335833333333326,40.37211111111111,37.78805555555556,24.772222222222222,16.630944444444445,55.335833333333326,2
2016-01-07,36.62698412698413,45.513000000000005,39.14277777777777,31.18625,22.511111111111113,17.360166666666668,45.513000000000005,1
2016-01-08,37.77761904761905,48.08155555555555,44.37811111111112,35.53569444444444,25.30277777777778,16.297666666666668,48.08155555555555,1
2016-01-09,75.24319444444444,70.56283333333334,65.79711111111112,45.696388888888876,39.81111111111111,10.501888888888887,75.24319444444444,2
2016-01-10,152.37015873015875,115.5631111111111,78.63077777777778,84.30527777777777,60.81944444444445,6.3425,152.37015873015875,4
2016-01-11,106.74305555555556,82.63005555555557,43.361,55.52569444444445,40.33333333333333,10.990444444444444,106.74305555555556,3
2016-01-12,74.61208333333332,67.63127777777777,58.29255555555556,40.18583333333333,34.09722222222222,13.1335,74.61208333333332,2
2016-01-13,37.608730158730154,52.21161111111111,52.25066666666666,31.67833333333333,27.775,18.9265,52.25066666666666,2
2016-01-14,32.29126984126984,51.43444444444445,51.38922222222223,28.66097222222222,27.525,18.529999999999998,51.43444444444445,2
2016-01-15,60.72333333333333,67.19783333333334,67.27972222222223,51.13083333333333,38.68888888888889,11.966111111111111,67.27972222222223,2
2016-01-16,111.17694444444446,91.783,68.44900000000001,65.82916666666667,51.03055555555556,8.973277777777778,111.17694444444446,3
2016-01-17,84.58611111111111,70.84416666666667,38.955555555555556,40.128750000000004,33.56666666666667,17.81877777777778,84.58611111111111,2
2016-01-18,21.63777777777778,32.322111111111106,22.739,19.729027777777777,18.852777777777778,25.67366666666667,32.322111111111106,1
2016-01-19,53.09486111111112,56.519499999999994,54.64316666666666,42.91013888888888,31.68611111111111,14.495833333333335,56.519499999999994,2
2016-01-20,144.8701388888889,115.80377777777778,74.19316666666666,88.18041666666666,60.333333333333314,5.151666666666666,144.8701388888889,3
2016-01-21,189.13269841269843,128.99477777777776,77.26044444444443,91.50347222222223,68.05,6.367333333333335,189.13269841269843,4
2016-01-22,68.73819444444445,63.80522222222222,31.002222222222226,36.41625,29.58055555555555,21.97588888888889,68.73819444444445,2
2016-01-23,11.581111111111113,33.96088888888889,14.782888888888893,10.167777777777777,17.51111111111111,30.072611111111115,33.96088888888889,1
2016-01-24,17.788412698412703,30.683666666666664,37.12633333333333,15.813888888888888,18.338888888888885,27.431555555555562,37.12633333333333,1
2016-01-25,33.688571428571436,42.332666666666675,54.73161111111111,28.58277777777777,26.977777777777774,22.98888888888889,54.73161111111111,2
2016-01-26,39.284761904761915,48.219333333333346,54.42588888888889,35.97291666666667,31.744444444444447,19.401888888888887,54.42588888888889,2
2016-01-27,81.75194444444443,74.91233333333335,71.75044444444444,60.38,43.897222222222226,9.890888888888888,81.75194444444443,2
2016-01-28,127.17611111111111,106.27388888888888,85.19894444444444,84.24458333333332,58.70833333333333,6.598833333333332,127.17611111111111,3
2016-01-29,144.36027777777775,105.72344444444445,52.76972222222223,72.84194444444445,60.31666666666668,7.097555555555556,144.36027777777775,3
2016-01-30,104.88416666666667,81.01327777777777,32.770999999999994,48.18097222222222,38.616666666666674,9.029055555555555,104.88416666666667,3
2016-01-31,56.15777777777777,53.31588888888889,37.294777777777774,29.33013888888889,32.772222222222226,21.723777777777773,56.15777777777777,2
2016-02-01,29.571269841269842,38.96044444444445,33.51111111111111,26.565277777777784,28.00833333333333,24.07427777777778,38.96044444444445,1
2016-02-02,45.69174603174603,52.14149999999999,50.148111111111106,37.67861111111111,35.69444444444444,18.51733333333333,52.14149999999999,2
2016-02-03,66.47805555555556,65.86338888888889,58.14694444444444,47.19527777777778,42.79722222222222,14.463277777777776,66.47805555555556,2
2016-02-04,83.6086111111111,74.72455555555555,61.003055555555555,51.867222222222225,43.01111111111111,16.912666666666667,83.6086111111111,2
2016-02-05,26.960317460317462,37.94566666666667,22.73911111111111,19.560972222222226,24.90555555555555,28.967333333333332,37.94566666666667,1
2016-02-06,25.092539682539677,31.770888888888884,30.11988888888889,18.270833333333336,25.275,27.940499999999997,31.770888888888884,1
2016-02-07,35.271746031746034,44.88977777777777,39.04388888888888,19.74111111111111,28.055555555555557,24.669333333333338,44.88977777777777,1
2016-02-08,61.42499999999999,64.41622222222222,56.173833333333334,26.744444444444447,37.95277777777777,23.662999999999997,64.41622222222222,2
2016-02-09,79.32569444444444,70.191,57.35761111111111,38.80222222222223,43.477777777777774,22.375611111111112,79.32569444444444,2
2016-02-10,120.74694444444445,93.43216666666667,64.55094444444444,54.84555555555556,51.62777777777777,21.945499999999996,120.74694444444445,3
2016-02-11,159.40825396825397,110.41561111111112,68.16144444444444,67.42805555555555,62.355555555555554,15.413166666666664,159.40825396825397,4
2016-02-12,220.58522222222223,135.02566666666667,66.81088888888888,57.91930555555555,87.24166666666666,6.6285,220.58522222222223,5
2016-02-13,25.917619047619052,27.37855555555555,19.766000000000002,13.303055555555554,26.963888888888892,24.96138888888889,27.37855555555555,1
2016-02-14,10.26984126984127,13.144333333333334,12.714222222222224,7.991388888888889,19.230555555555558,34.945166666666665,34.945166666666665,1
2016-02-15,14.923333333333336,19.762666666666664,17.14477777777778,11.19888888888889,21.505555555555556,30.867722222222213,30.867722222222213,1
2016-02-16,16.81857142857143,20.471666666666668,22.23,15.820000000000002,18.211111111111112,31.084777777777777,31.084777777777777,1
2016-02-17,34.743650793650794,38.84888888888889,42.138444444444445,28.863055555555555,23.902777777777775,23.48133333333333,42.138444444444445,1
2016-02-18,32.77952380952381,46.427666666666674,27.20855555555556,20.565833333333337,18.872222222222224,27.860000000000003,46.427666666666674,1
2016-02-19,56.10763888888889,99.9956111111111,15.924000000000001,12.976944444444445,14.977777777777778,31.293888888888887,99.9956111111111,2
2016-02-20,25.046031746031748,39.29644444444444,23.410999999999998,16.286805555555556,14.727777777777778,32.11766666666667,39.29644444444444,1
2016-02-21,80.77569444444445,81.30683333333334,78.99466666666666,63.71444444444445,34.608333333333334,10.94161111111111,81.30683333333334,2
2016-02-22,84.615,81.9795,79.03077777777779,44.62138888888889,30.90555555555555,20.165222222222223,84.615,2
2016-02-23,27.541111111111114,37.98122222222222,30.587111111111106,23.071388888888887,15.652777777777779,30.58977777777778,37.98122222222222,1
2016-02-24,46.310634920634925,54.54466666666666,43.38877777777777,36.59291666666667,20.23611111111111,23.602166666666665,54.54466666666666,2
2016-02-25,55.44777777777777,65.56294444444444,53.60094444444445,43.61055555555555,24.93888888888889,22.7915,65.56294444444444,2
2016-02-26,27.41920634920635,42.728555555555566,39.544,32.212777777777774,19.319444444444443,26.96972222222222,42.728555555555566,1
2016-02-27,59.62222222222223,61.564166666666665,50.58144444444444,56.629305555555554,26.169444444444444,19.909333333333333,61.564166666666665,2
2016-02-28,42.27333333333334,48.06100000000001,30.503444444444444,34.00083333333333,18.81111111111111,27.908055555555553,48.06100000000001,1
2016-02-29,34.51746031746032,47.91488888888889,42.49977777777777,41.48694444444443,21.06388888888889,24.612055555555557,47.91488888888889,1
2016-03-01,68.34125,68.22444444444446,56.448388888888886,55.784305555555555,33.461111111111116,22.14605555555556,68.34125,2
2016-03-02,68.56819444444444,69.48405555555556,61.58027777777778,55.31236111111113,32.74722222222222,25.49138888888889,69.48405555555556,2
2016-03-03,78.99888888888889,84.12333333333333,67.51516666666666,63.70930555555556,33.980555555555554,26.032777777777778,84.12333333333333,2
2016-03-04,96.25805555555553,104.1441111111111,58.78655555555556,67.52527777777777,32.297222222222224,22.88211111111111,104.1441111111111,3
2016-03-05,45.154920634920636,101.508,21.584555555555557,19.58055555555556,14.202777777777778,31.416444444444448,101.508,3
2016-03-06,67.96555555555557,94.27744444444446,55.39633333333333,62.16236111111111,26.894444444444442,20.305222222222223,94.27744444444446,2
2016-03-07,65.64916666666666,87.92099999999999,50.022888888888886,54.735416666666666,26.916666666666668,26.668166666666664,87.92099999999999,2
2016-03-08,35.97825396825396,61.504333333333335,25.47655555555555,28.95208333333334,15.536111111111111,29.762888888888885,61.504333333333335,2
2016-03-09,42.37174603174603,58.44177777777778,34.32822222222222,33.753750000000004,18.09722222222222,27.243222222222222,58.44177777777778,2
2016-03-10,19.403968253968255,40.55422222222222,22.22066666666667,19.59402777777778,12.397222222222222,32.44094444444445,40.55422222222222,1
2016-03-11,31.91904761904762,51.96972222222222,47.732,36.90847222222222,19.955555555555556,25.830333333333332,51.96972222222222,2
2016-03-12,64.46986111111111,76.93166666666667,69.82972222222222,69.69222222222221,30.08611111111111,14.81161111111111,76.93166666666667,2
2016-03-13,33.5979365079365,59.76327777777777,37.86944444444445,34.20888888888889,18.258333333333336,29.860944444444446,59.76327777777777,2
2016-03-14,46.013174603174605,66.62811111111111,55.32255555555555,49.28583333333333,24.22222222222222,26.934944444444444,66.62811111111111,2
2016-03-15,96.56083333333333,100.99461111111111,63.534666666666666,74.87430555555557,36.330555555555556,25.35488888888889,100.99461111111111,2
2016-03-16,140.05277777777778,126.19333333333334,63.59933333333334,72.16305555555554,42.449999999999996,34.5975,140.05277777777778,3
2016-03-17,124.22097222222226,110.91644444444444,64.22044444444444,73.81361111111111,42.03611111111111,25.250222222222224,124.22097222222226,3
2016-03-18,135.8623611111111,143.0502777777778,68.941,76.4426388888889,41.94722222222222,38.072111111111106,143.0502777777778,3
2016-03-19,156.50539682539684,156.91916666666668,49.81288888888889,85.48763888888887,39.79166666666667,29.93294444444444,156.91916666666668,4
2016-03-20,79.23430555555557,102.66138888888888,49.422000000000004,68.47513888888888,29.17777777777778,26.416222222222228,102.66138888888888,3
2016-03-21,87.39763888888888,120.45405555555556,64.67383333333333,85.86041666666667,33.03888888888889,32.551500000000004,120.45405555555556,3
2016-03-22,102.65097222222222,126.9935,50.85061111111111,77.66597222222221,37.36944444444444,24.517222222222227,126.9935,3
2016-03-23,76.46055555555554,85.43522222222222,27.440555555555555,51.729166666666664,23.927777777777774,22.212777777777777,85.43522222222222,2
2016-03-24,78.45944444444444,76.73516666666666,35.83166666666667,48.91986111111112,23.15277777777778,22.727944444444443,78.45944444444444,2
2016-03-25,50.57736111111111,53.65405555555556,27.930999999999997,36.40819444444445,17.349999999999998,27.174055555555555,53.65405555555556,2
2016-03-26,21.095079365079364,38.466,25.483999999999995,27.155833333333327,13.111111111111109,29.399888888888885,38.466,1
2016-03-27,33.387619047619054,55.81483333333334,50.998000000000005,41.17680555555555,18.291666666666664,26.02922222222223,55.81483333333334,2
2016-03-28,52.70972222222221,68.04816666666667,61.280055555555556,47.74986111111111,22.258333333333336,26.38977777777778,68.04816666666667,2
2016-03-29,26.699523809523807,59.58427777777778,24.38277777777778,28.871944444444445,11.333333333333334,29.534222222222226,59.58427777777778,2
2016-03-30,56.635416666666664,70.46388888888887,47.53355555555555,53.80597222222224,19.950000000000003,28.135611111111118,70.46388888888887,2
2016-03-31,65.15527777777778,81.78450000000001,50.51744444444445,50.21347222222222,26.56944444444444,35.23422222222223,81.78450000000001,2
2016-04-01,42.840476190476195,76.1983888888889,18.151666666666667,20.91875,11.661111111111111,38.582388888888886,76.1983888888889,2
2016-04-02,28.125873015873015,53.36938888888889,14.084444444444443,21.72902777777778,12.008333333333333,38.29738888888889,53.36938888888889,2
2016-04-03,30.906031746031744,32.55511111111112,11.525333333333332,17.551250000000003,10.888888888888888,35.81111111111111,35.81111111111111,1
2016-04-04,74.78333333333333,64.59805555555556,46.47844444444444,33.63027777777778,23.44166666666667,29.091499999999996,74.78333333333333,2
2016-04-05,67.71930555555556,64.75105555555555,42.76711111111112,47.78861111111111,21.633333333333336,32.77688888888889,67.71930555555556,2
2016-04-06,90.74027777777778,80.59722222222223,52.64322222222222,54.870277777777765,31.81666666666667,27.914333333333335,90.74027777777778,2
2016-04-07,46.59412698412699,67.7823888888889,21.525999999999996,31.382361111111113,12.816666666666668,32.63738888888889,67.7823888888889,2
2016-04-08,27.53142857142857,54.15138888888889,19.651888888888887,38.29138888888888,11.875,29.866666666666664,54.15138888888889,2
2016-04-09,31.757142857142856,53.016777777777776,31.76755555555556,41.11750000000001,14.58611111111111,33.98361111111111,53.016777777777776,2
2016-04-10,68.86527777777778,100.60472222222222,30.662666666666663,54.00069444444445,24.358333333333334,37.68044444444445,100.60472222222222,2
2016-04-11,58.94111111111111,89.27177777777779,29.567555555555554,42.60097222222222,20.444444444444443,39.07405555555556,89.27177777777779,2
2016-04-12,64.7226388888889,60.922222222222224,19.262555555555554,30.336111111111116,15.241666666666667,29.64072222222222,64.7226388888889,2
2016-04-13,56.09361111111112,65.66127777777777,29.57655555555556,34.885000000000005,15.06388888888889,29.72266666666667,65.66127777777777,2
2016-04-14,56.45652777777778,82.15933333333334,23.73688888888889,46.662083333333335,17.23611111111111,36.36611111111111,82.15933333333334,2
2016-04-15,75.04236111111112,78.55766666666668,29.88477777777778,51.26263888888889,24.275,37.699888888888886,78.55766666666668,2
2016-04-16,21.460158730158728,34.27788888888889,9.680555555555555,13.517500000000002,7.819444444444444,35.150333333333336,35.150333333333336,1
2016-04-17,22.665714285714284,34.84622222222222,11.869444444444445,21.488611111111112,8.16388888888889,31.215500000000002,34.84622222222222,1
2016-04-18,26.42222222222222,47.16744444444444,13.893333333333338,21.224583333333335,10.258333333333331,35.868500000000004,47.16744444444444,1
2016-04-19,64.86638888888888,76.21433333333333,39.34766666666666,68.03583333333333,25.944444444444443,19.840055555555555,76.21433333333333,2
2016-04-20,68.63791666666667,71.23361111111112,27.154333333333337,50.06361111111111,21.344444444444445,26.581833333333336,71.23361111111112,2
2016-04-21,43.32809523809524,62.223611111111104,25.275555555555556,37.24847222222222,14.372222222222222,33.02316666666667,62.223611111111104,2
2016-04-22,40.04015873015873,64.61994444444446,16.051222222222222,34.89513888888889,10.575,34.59188888888888,64.61994444444446,2
2016-04-23,59.11777777777778,84.94216666666668,24.995777777777775,54.38944444444445,20.86388888888889,26.97322222222222,84.94216666666668,2
2016-04-24,63.81777777777778,79.2467777777778,35.43677777777778,46.48138888888888,24.713888888888892,37.56977777777777,79.2467777777778,2
2016-04-25,70.4963888888889,76.77605555555556,32.99644444444444,36.321666666666665,28.78888888888889,56.51731481481482,76.77605555555556,2
2016-04-26,86.02416666666666,84.09144444444445,25.063,34.656388888888884,25.897222222222222,61.22842592592592,86.02416666666666,2
2016-04-27,90.81083333333333,82.96244444444446,21.147,43.61000000000001,24.461111111111112,47.61688888888889,90.81083333333333,2
2016-04-28,64.40847222222223,60.5935,17.064999999999998,31.68958333333334,16.28333333333333,53.82675925925927,64.40847222222223,2
2016-04-29,59.714166666666664,68.94272222222222,34.980111111111114,44.07527777777777,20.849999999999998,42.61322222222223,68.94272222222222,2
2016-04-30,58.63805555555555,70.30733333333333,35.36633333333333,37.605555555555554,18.794444444444448,41.859833333333334,70.30733333333333,2
2016-05-01,56.27152777777778,67.9796111111111,33.321555555555555,37.79430555555555,21.247222222222227,45.2875,67.9796111111111,2
2016-05-02,39.42619047619048,60.58316666666666,9.711222222222224,15.150277777777774,6.288888888888888,35.76027777777778,60.58316666666666,2
2016-05-03,18.97555555555556,34.52166666666667,11.605111111111109,19.64875,6.330555555555556,38.139,38.139,1
2016-05-04,47.623015873015866,64.39066666666668,32.11477777777778,47.60083333333332,16.62222222222222,37.63483333333333,64.39066666666668,2
2016-05-05,70.51472222222222,79.40355555555556,24.068888888888893,43.184027777777786,17.019444444444442,34.2955,79.40355555555556,2
2016-05-06,43.19174603174603,84.28022222222222,9.965555555555556,15.51263888888889,6.5,37.51022222222222,84.28022222222222,2
2016-05-07,38.96095238095238,64.37950000000001,27.02011111111111,34.61958333333333,12.916666666666664,30.094722222222227,64.37950000000001,2
2016-05-08,53.21347222222222,61.80555555555556,36.486,29.09375,20.994444444444447,39.12755555555555,61.80555555555556,2
2016-05-09,79.75805555555556,84.10411111111111,38.5,43.768055555555556,27.452777777777776,38.69983333333334,84.10411111111111,2
2016-05-10,88.20833333333333,84.60655555555556,29.171444444444447,38.120694444444446,25.852777777777774,51.51777777777776,88.20833333333333,2
2016-05-11,88.095,89.66988888888889,36.40344444444445,43.918194444444445,36.84444444444445,45.625,89.66988888888889,2
2016-05-12,40.642222222222216,58.963055555555556,12.014666666666665,18.970833333333335,9.983333333333333,38.40261111111111,58.963055555555556,2
2016-05-13,31.197460317460322,56.84761111111111,21.07877777777778,34.93680555555555,11.597222222222221,36.79322222222223,56.84761111111111,2
2016-05-14,46.04619047619048,47.62055555555557,20.622,30.782916666666672,16.747222222222224,26.650388888888887,47.62055555555557,1
2016-05-15,38.45507936507937,46.25155555555556,14.535222222222224,21.693888888888893,9.016666666666667,33.09161111111111,46.25155555555556,1
2016-05-16,34.66634920634921,51.493111111111105,37.11077777777778,40.50041666666666,12.705555555555556,35.87866666666667,51.493111111111105,2
2016-05-17,45.02746031746032,58.772999999999996,34.626222222222225,49.342499999999994,15.916666666666668,44.75344444444445,58.772999999999996,2
2016-05-18,75.17361111111111,78.05277777777778,40.03655555555555,51.882777777777775,27.28611111111111,49.767944444444446,78.05277777777778,2
2016-05-19,105.06708333333334,91.1191111111111,30.84744444444445,37.85138888888889,25.319444444444443,59.51749999999999,105.06708333333334,3
2016-05-20,87.03625000000001,80.63044444444444,30.04722222222222,45.602222222222224,18.541666666666664,71.78055555555557,87.03625000000001,2
2016-05-21,97.40611111111113,89.32066666666667,31.052999999999997,51.84972222222222,20.622222222222224,72.07462962962963,97.40611111111113,2
2016-05-22,87.17249999999999,77.44438888888888,28.499888888888893,45.94222222222222,16.583333333333332,71.61537037037037,87.17249999999999,2
2016-05-23,62.402083333333344,63.63694444444444,26.11144444444444,43.29388888888889,17.041666666666664,41.32161111111112,63.63694444444444,2
2016-05-24,23.49031746031746,32.85811111111111,18.953888888888887,23.60791666666666,9.61111111111111,39.193555555555555,39.193555555555555,1
2016-05-25,19.55015873015873,28.491,15.84677777777778,22.01236111111111,8.150000000000002,38.42444444444445,38.42444444444445,1
2016-05-26,34.214126984126985,46.44133333333334,26.919444444444448,27.189027777777778,12.347222222222221,39.24505555555555,46.44133333333334,1
2016-05-27,58.21305555555555,66.9171111111111,53.25716666666666,53.00527777777778,24.81111111111111,29.121,66.9171111111111,2
2016-05-28,51.60777777777778,61.1825,33.98255555555556,42.206388888888895,18.633333333333333,43.12344444444445,61.1825,2
2016-05-29,58.519444444444446,67.89727777777779,39.967444444444446,39.375,20.152777777777782,58.83222222222224,67.89727777777779,2
2016-05-30,65.08847222222222,72.04138888888889,36.837777777777774,38.708888888888886,23.11388888888889,55.629722222222235,72.04138888888889,2
2016-05-31,65.10194444444446,85.0423888888889,31.618777777777776,51.81375,25.280555555555555,37.29538888888889,85.0423888888889,2
2016-06-01,44.69063492063492,63.390166666666666,24.052666666666667,30.48347222222222,19.788888888888888,49.837555555555554,63.390166666666666,2
2016-06-02,57.13625,70.71933333333334,32.71222222222222,44.026111111111106,24.149999999999995,70.0525925925926,70.71933333333334,2
2016-06-03,67.09819444444445,69.21344444444443,26.29711111111111,28.783194444444444,25.877777777777776,41.28588888888889,69.21344444444443,2
2016-06-04,82.36638888888888,84.59833333333333,29.348111111111113,43.02930555555556,33.947222222222216,30.470222222222223,84.59833333333333,2
2016-06-05,76.63763888888889,72.36633333333333,14.742222222222221,29.21958333333334,27.725,39.88077777777778,76.63763888888889,2
2016-06-06,69.61680555555556,68.36855555555556,19.01077777777778,32.16569444444444,20.508333333333336,50.94064814814814,69.61680555555556,2
2016-06-07,90.86541666666665,92.954,21.536555555555555,45.292500000000004,34.27499999999999,35.842277777777774,92.954,2
2016-06-08,62.72388888888888,75.5313888888889,20.455444444444446,30.984861111111115,28.35,44.832833333333326,75.5313888888889,2
2016-06-09,59.59402777777778,71.50888888888889,37.074999999999996,39.26069444444444,32.025,58.822129629629636,71.50888888888889,2
2016-06-10,48.234920634920634,56.14561111111111,23.93666666666667,20.600694444444443,19.127777777777776,50.56601851851852,56.14561111111111,2
2016-06-11,19.055238095238092,33.20477777777777,15.801777777777778,21.242361111111112,11.144444444444446,36.37077777777777,36.37077777777777,1
2016-06-12,35.92841269841269,52.903444444444446,25.73688888888889,29.57333333333333,17.980555555555558,39.96222222222222,52.903444444444446,2
2016-06-13,50.53375000000001,60.34811111111111,27.545,24.24986111111111,24.63888888888889,51.74731481481482,60.34811111111111,2
2016-06-14,31.922698412698413,51.007333333333335,14.391777777777778,20.15013888888889,17.366666666666667,32.056777777777775,51.007333333333335,2
2016-06-15,23.157301587301593,30.732555555555553,10.664222222222222,15.820416666666668,11.988888888888889,39.11888888888889,39.11888888888889,1
2016-06-16,25.606825396825396,40.50677777777778,20.200666666666667,33.7751388888889,12.722222222222221,37.59433333333333,40.50677777777778,1
2016-06-17,38.41777777777778,59.123333333333335,33.13355555555555,40.77569444444445,18.81388888888889,47.92349999999998,59.123333333333335,2
2016-06-18,46.00428571428571,61.15094444444445,20.29422222222222,31.540972222222216,17.366666666666667,72.94333333333331,72.94333333333331,2
2016-06-19,56.97972222222222,71.59061111111112,25.627666666666663,35.94305555555555,24.77222222222222,57.652499999999996,71.59061111111112,2
2016-06-20,54.78388888888888,60.57222222222222,20.75855555555556,27.978749999999998,23.57777777777778,42.893388888888886,60.57222222222222,2
2016-06-21,45.350634920634924,50.57322222222223,13.992555555555557,25.556805555555556,14.155555555555555,38.78905555555556,50.57322222222223,1
2016-06-22,43.12888888888889,50.704166666666666,18.135,30.222361111111116,12.422222222222224,39.58488888888889,50.704166666666666,1
2016-06-23,25.148888888888887,33.58177777777777,15.227444444444446,32.849444444444444,10.972222222222221,33.489,33.58177777777777,1
2016-06-24,24.123492063492066,32.148,13.295777777777777,22.383194444444445,9.872222222222222,34.738277777777775,34.738277777777775,1
2016-06-25,20.72,37.59055555555556,17.904666666666667,33.44111111111111,9.855555555555554,32.877611111111115,37.59055555555556,1
2016-06-26,51.745555555555555,63.12322222222222,40.788888888888884,46.125,19.927777777777777,43.44683333333333,63.12322222222222,2
2016-06-27,66.46638888888887,70.21411111111112,38.094,38.08138888888889,21.183333333333334,43.357944444444435,70.21411111111112,2
2016-06-28,74.54763888888888,72.97794444444445,21.875222222222224,32.24180555555556,22.03611111111111,36.961277777777774,74.54763888888888,2
2016-06-29,64.70666666666666,65.42072222222222,16.480555555555554,21.08291666666667,22.90833333333333,42.5255,65.42072222222222,2
2016-06-30,83.99708333333334,75.99694444444444,24.720333333333333,29.618611111111107,26.872222222222224,47.15716666666666,83.99708333333334,2
2016-07-01,63.46111111111111,57.636833333333335,27.313444444444443,26.65513888888889,17.480555555555554,40.420944444444444,63.46111111111111,2
2016-07-02,64.97972222222221,65.96833333333333,23.84744444444445,31.795000000000005,26.058333333333334,38.39183333333333,65.96833333333333,2
2016-07-03,95.92236111111112,81.04272222222222,24.38433333333333,27.367638888888887,34.57222222222222,45.094388888888886,95.92236111111112,2
2016-07-04,102.62555555555556,85.93411111111112,17.11288888888889,23.794583333333335,26.950000000000003,42.6995,102.62555555555556,3
2016-07-05,104.2725,85.94788888888888,14.409888888888888,27.51416666666666,25.36944444444445,43.93788888888889,104.2725,3
2016-07-06,102.61125,82.16955555555555,14.599888888888891,29.471111111111117,22.13611111111111,48.55844444444446,102.61125,3
2016-07-07,95.09361111111112,84.42383333333333,19.42866666666667,33.83569444444445,22.76666666666667,56.79379629629631,95.09361111111112,2
2016-07-08,119.83180555555555,94.87194444444444,14.49,34.92680555555555,25.16388888888889,35.07266666666667,119.83180555555555,3
2016-07-09,68.48624999999998,58.338777777777786,8.151555555555555,27.584444444444443,19.238888888888887,25.65438888888889,68.48624999999998,2
2016-07-10,60.44736111111111,62.473055555555554,17.262777777777774,25.146805555555556,25.858333333333334,32.87888888888889,62.473055555555554,2
2016-07-11,99.48847222222221,86.70616666666666,17.97711111111111,36.16722222222222,31.994444444444444,33.971666666666664,99.48847222222221,2
2016-07-12,59.187361111111116,56.86800000000001,9.838555555555555,24.67888888888889,15.788888888888888,33.96194444444444,59.187361111111116,2
2016-07-13,41.911904761904765,54.59205555555555,11.839777777777778,29.237083333333334,14.430555555555555,40.09755555555556,54.59205555555555,2
2016-07-14,60.16555555555556,65.77338888888889,14.235,41.5325,17.244444444444447,33.9005,65.77338888888889,2
2016-07-15,44.15603174603175,48.50933333333333,11.658999999999999,25.661527777777774,16.36666666666667,39.29066666666666,48.50933333333333,1
2016-07-16,77.59291666666667,72.29605555555555,21.195333333333334,36.36000000000001,25.136111111111113,33.536722222222224,77.59291666666667,2
2016-07-17,89.12680555555555,72.7573888888889,19.02622222222222,31.821805555555557,24.655555555555555,40.553888888888885,89.12680555555555,2
2016-07-18,127.9976388888889,98.85955555555556,17.766555555555556,36.38444444444444,30.077777777777776,47.765499999999996,127.9976388888889,3
2016-07-19,96.27902777777778,76.28427777777777,8.123444444444443,24.886111111111113,27.44166666666667,41.26594444444444,96.27902777777778,2
2016-07-20,25.40111111111111,28.63788888888889,9.283555555555557,18.401805555555555,18.552777777777777,33.31333333333333,33.31333333333333,1
2016-07-21,41.0647619047619,43.84344444444444,11.194777777777778,27.233194444444443,21.30277777777778,20.85477777777778,43.84344444444444,1
2016-07-22,81.28291666666667,72.225,18.160888888888888,30.10583333333333,29.255555555555556,35.56805555555555,81.28291666666667,2
2016-07-23,62.046111111111124,62.18461111111111,17.098555555555556,27.162361111111114,24.275000000000002,38.90294444444444,62.18461111111111,2
2016-07-24,94.74083333333333,81.0636111111111,15.245444444444445,31.107083333333332,35.041666666666664,36.3675,94.74083333333333,2
2016-07-25,57.988749999999996,57.95683333333333,13.248555555555553,19.755972222222223,20.041666666666668,35.842444444444446,57.988749999999996,2
2016-07-26,30.24603174603175,44.35122222222222,12.994333333333332,22.782083333333333,12.563888888888888,40.695,44.35122222222222,1
2016-07-27,65.21138888888889,68.03922222222221,23.908333333333335,35.31347222222222,19.45,45.04077777777778,68.03922222222221,2
2016-07-28,68.73875000000001,71.81927777777778,27.733,35.46347222222222,22.077777777777776,49.98694444444445,71.81927777777778,2
2016-07-29,76.79166666666667,76.10877777777779,27.293111111111113,40.58361111111111,24.558333333333337,51.546851851851855,76.79166666666667,2
2016-07-30,117.86611111111112,99.531,22.519111111111112,25.925833333333333,31.377777777777776,62.48833333333332,117.86611111111112,3
2016-07-31,53.75319444444444,61.62800000000001,19.047888888888888,28.717222222222215,23.408333333333335,52.26333333333333,61.62800000000001,2
2016-08-01,101.00736111111112,81.70477777777779,12.68033333333333,20.071666666666665,26.755555555555553,52.586018518518514,101.00736111111112,3
2016-08-02,81.38402777777777,74.98644444444446,12.939555555555557,20.53611111111111,28.68055555555556,46.62122222222222,81.38402777777777,2
2016-08-03,69.00736111111112,67.78116666666668,12.013222222222224,24.297916666666666,21.944444444444446,50.3499074074074,69.00736111111112,2
2016-08-04,78.29472222222222,76.32983333333333,17.285888888888888,30.560138888888893,23.569444444444443,45.88899999999999,78.29472222222222,2
2016-08-05,86.19736111111112,78.24794444444444,17.444444444444443,33.85986111111111,23.09444444444445,36.27572222222222,86.19736111111112,2
2016-08-06,58.36013888888888,63.75283333333333,17.87388888888889,32.13527777777777,21.988888888888887,36.02788888888889,63.75283333333333,2
2016-08-07,64.35472222222221,69.10572222222223,15.670111111111112,28.511527777777776,22.258333333333333,37.67516666666666,69.10572222222223,2
2016-08-08,37.08111111111112,46.635,10.325777777777779,18.76833333333333,15.97777777777778,43.94777777777778,46.635,1
2016-08-09,45.37619047619047,51.867111111111114,11.17411111111111,16.845972222222223,17.927777777777777,43.02622222222222,51.867111111111114,2
2016-08-10,61.274027777777775,63.70527777777778,21.983555555555554,25.690416666666664,25.50833333333334,36.24361111111111,63.70527777777778,2
2016-08-11,64.70819444444444,65.51366666666667,22.220222222222223,27.36388888888889,24.03888888888889,37.152166666666666,65.51366666666667,2
2016-08-12,79.09263888888889,72.4578888888889,20.990777777777776,30.666944444444443,28.769444444444442,40.970277777777774,79.09263888888889,2
2016-08-13,57.44958333333334,58.41716666666667,11.420333333333334,22.120694444444446,22.622222222222224,34.65411111111111,58.41716666666667,2
2016-08-14,34.22253968253968,41.71366666666666,8.826888888888888,28.81152777777778,18.53333333333333,21.655500000000004,41.71366666666666,1
2016-08-15,27.833650793650797,31.93133333333334,8.055444444444445,25.345972222222223,17.744444444444444,25.416055555555555,31.93133333333334,1
2016-08-16,41.27015873015873,43.64744444444445,10.804111111111112,29.34069444444445,20.241666666666667,25.82983333333333,43.64744444444445,1
2016-08-17,61.437638888888884,61.24516666666667,16.453888888888887,40.81569444444444,34.18611111111112,16.561277777777775,61.437638888888884,2
2016-08-18,69.02972222222222,67.88766666666666,17.627,40.18402777777777,41.01666666666667,21.092277777777777,69.02972222222222,2
2016-08-19,71.34416666666667,64.81877777777777,13.614555555555555,29.510416666666664,39.47222222222222,32.52455555555556,71.34416666666667,2
2016-08-20,51.31847222222221,56.08511111111112,17.445111111111114,28.041805555555555,23.963888888888892,38.59822222222221,56.08511111111112,2
2016-08-21,50.833194444444445,58.667333333333325,18.672333333333334,29.427500000000002,23.194444444444443,37.19561111111111,58.667333333333325,2
2016-08-22,81.92819444444443,72.48461111111111,23.56577777777778,34.72513888888889,26.369444444444447,44.61416666666665,81.92819444444443,2
2016-08-23,82.30055555555556,69.96922222222221,19.01588888888889,27.935833333333328,29.5,43.465,82.30055555555556,2
2016-08-24,93.30347222222223,75.09227777777778,16.17588888888889,26.46402777777778,34.11111111111111,34.40627777777778,93.30347222222223,2
2016-08-25,31.785238095238096,37.27177777777778,7.441444444444444,20.260694444444447,15.55,23.95133333333333,37.27177777777778,1
2016-08-26,19.780317460317463,26.221000000000004,7.867555555555555,23.85861111111111,13.188888888888888,29.708611111111114,29.708611111111114,1
2016-08-27,19.434603174603176,29.813666666666663,12.675999999999998,32.52694444444444,12.741666666666665,30.33877777777778,32.52694444444444,1
2016-08-28,14.87015873015873,26.96422222222222,12.68888888888889,32.77347222222223,11.724999999999998,29.163666666666668,32.77347222222223,1
2016-08-29,23.78222222222222,41.52677777777777,17.298000000000002,46.51069444444444,16.044444444444444,26.777666666666665,46.51069444444444,1
2016-08-30,38.00873015873015,55.12155555555556,25.13811111111111,40.535,22.7,33.92505555555555,55.12155555555556,2
2016-08-31,43.46460317460317,51.88027777777778,27.477555555555554,27.708194444444445,20.474999999999998,36.24827777777778,51.88027777777778,2
2016-09-01,19.363174603174603,31.12433333333333,15.639222222222223,30.854305555555555,13.105555555555556,27.412888888888894,31.12433333333333,1
2016-09-02,26.029999999999998,42.61044444444445,24.77577777777778,41.455,18.13888888888889,33.1535,42.61044444444445,1
2016-09-03,56.69972222222222,67.87144444444445,31.96755555555556,55.51319444444445,31.575000000000003,42.78738888888889,67.87144444444445,2
2016-09-04,54.35861111111112,61.925666666666665,26.75822222222222,46.14777777777778,30.244444444444447,47.353611111111114,61.925666666666665,2
2016-09-05,32.43730158730159,46.854111111111116,18.061999999999998,37.26722222222222,22.374999999999996,33.30244444444445,46.854111111111116,1
2016-09-06,33.21301587301587,48.475,22.049666666666667,44.283611111111114,25.305555555555554,21.395166666666668,48.475,1
2016-09-07,20.18,29.700777777777777,12.95177777777778,24.505,17.644444444444442,30.375777777777774,30.375777777777774,1
2016-09-08,18.78238095238095,31.47088888888889,15.391444444444444,32.72388888888889,16.536111111111115,35.010333333333335,35.010333333333335,1
2016-09-09,23.470476190476194,45.80511111111113,22.54733333333333,45.84513888888889,21.83333333333333,28.129277777777773,45.84513888888889,1
2016-09-10,30.75920634920635,53.283833333333334,31.963333333333335,44.93208333333333,21.511111111111113,30.987055555555553,53.283833333333334,2
2016-09-11,28.404444444444447,42.54333333333334,17.403555555555556,44.52083333333334,21.469444444444445,29.007166666666667,44.52083333333334,1
2016-09-12,43.754603174603176,61.04250000000001,19.773666666666667,49.78069444444445,27.33888888888889,28.26033333333334,61.04250000000001,2
2016-09-13,39.731746031746034,54.22994444444444,21.956666666666663,37.75319444444444,20.42222222222222,35.923833333333334,54.22994444444444,2
2016-09-14,51.657361111111115,66.14972222222221,23.552111111111113,43.90027777777778,27.14722222222222,36.82811111111112,66.14972222222221,2
2016-09-15,59.97388888888889,76.37294444444446,29.534222222222226,42.48916666666667,31.441666666666666,40.00611111111112,76.37294444444446,2
2016-09-16,59.214166666666664,76.875,29.358666666666664,40.19708333333333,34.513888888888886,40.93994444444444,76.875,2
2016-09-17,58.29361111111111,87.05683333333334,27.236222222222224,48.79069444444445,37.46666666666666,29.320222222222224,87.05683333333334,2
2016-09-18,70.44569444444444,60.30961111111111,39.157000000000004,46.79347222222222,22.75,11.832500000000003,70.44569444444444,2
2016-09-19,65.72472222222221,55.150444444444446,33.62655555555556,37.21361111111111,12.986111111111112,22.679666666666662,65.72472222222221,2
2016-09-20,51.216944444444444,57.12533333333333,31.873222222222225,40.71069444444444,15.65,23.655833333333334,57.12533333333333,2
2016-09-21,101.40236111111109,87.93322222222221,54.587777777777774,46.48791666666666,30.772222222222222,29.416055555555555,101.40236111111109,3
2016-09-22,85.56763888888888,91.501,33.19188888888888,49.25194444444445,34.55,31.539500000000004,91.501,2
2016-09-23,65.09402777777778,77.65555555555555,29.171999999999997,43.85152777777779,31.058333333333337,35.92227777777777,77.65555555555555,2
2016-09-24,71.66,76.78522222222222,34.20588888888889,48.50416666666667,30.619444444444444,33.03094444444445,76.78522222222222,2
2016-09-25,108.90722222222223,107.03288888888889,26.321444444444452,50.74763888888889,32.90833333333333,34.153777777777776,108.90722222222223,3
2016-09-26,78.91583333333332,78.95972222222221,24.174777777777777,40.01652777777778,27.66944444444445,33.08011111111111,78.95972222222221,2
2016-09-27,64.00888888888889,67.4266111111111,18.718666666666667,37.205416666666665,23.463888888888885,23.147166666666664,67.4266111111111,2
2016-09-28,27.890634920634923,42.31366666666667,12.327444444444444,35.61541666666666,12.799999999999997,26.174333333333333,42.31366666666667,1
2016-09-29,55.02833333333334,66.80783333333332,29.194777777777777,63.161944444444444,21.70833333333334,24.751444444444445,66.80783333333332,2
2016-09-30,102.04208333333332,100.37044444444446,50.69655555555555,78.45486111111111,39.19166666666666,31.130388888888888,102.04208333333332,3
2016-10-01,124.1361111111111,112.80566666666665,53.19177777777777,88.01319444444444,49.733333333333334,27.826833333333326,124.1361111111111,3
2016-10-02,134.30305555555555,123.92522222222222,48.42622222222223,78.23986111111111,52.108333333333334,34.60127777777778,134.30305555555555,3
2016-10-03,127.11888888888888,116.24766666666669,47.03366666666667,64.93444444444445,44.09722222222223,49.47772222222222,127.11888888888888,3
2016-10-04,97.52180555555556,106.01433333333334,26.575,43.08986111111112,33.22222222222222,35.98833333333334,106.01433333333334,3
2016-10-05,23.23777777777778,37.29633333333333,19.411777777777775,41.20166666666667,11.950000000000001,21.80633333333333,41.20166666666667,1
2016-10-06,61.070972222222224,78.21494444444446,31.912222222222216,80.53166666666668,25.647222222222222,13.839444444444446,80.53166666666668,2
2016-10-07,41.988571428571426,54.64572222222222,11.189888888888888,46.83833333333333,21.102777777777778,16.718222222222224,54.64572222222222,2
2016-10-08,21.726825396825394,34.09911111111111,17.69088888888889,37.411388888888894,11.419444444444444,23.806111111111115,37.411388888888894,1
2016-10-09,41.29571428571428,59.985166666666665,40.233,62.50638888888889,23.772222222222226,11.417555555555557,62.50638888888889,2
2016-10-10,51.41444444444445,64.46977777777778,46.65577777777778,52.305277777777775,26.525,22.26466666666667,64.46977777777778,2
2016-10-11,75.06361111111111,83.78794444444443,48.426000000000016,64.44638888888889,25.074999999999996,28.108388888888893,83.78794444444443,2
2016-10-12,130.80083333333334,116.54172222222222,41.381,86.3088888888889,34.947222222222216,22.257944444444444,130.80083333333334,3
2016-10-13,88.77125000000001,86.74588888888889,50.53816666666667,59.87541666666668,33.24722222222222,22.116333333333333,88.77125000000001,2
2016-10-14,51.26208333333334,61.194111111111106,29.33,43.52013888888888,23.683333333333337,25.046499999999995,61.194111111111106,2
2016-10-15,51.91111111111111,56.43899999999999,12.108666666666666,44.56180555555556,26.697222222222223,24.38722222222222,56.43899999999999,2
2016-10-16,46.39952380952381,53.44477777777779,16.653111111111112,36.860277777777775,27.53611111111111,15.176611111111113,53.44477777777779,2
2016-10-17,64.80569444444444,68.86566666666667,18.214,38.968472222222225,20.438888888888886,17.91011111111111,68.86566666666667,2
2016-10-18,95.33263888888888,87.34105555555556,23.908333333333335,49.48611111111112,32.61111111111111,17.863222222222223,95.33263888888888,2
2016-10-19,107.99138888888889,98.26433333333334,35.03355555555556,54.53513888888889,42.8,23.197999999999997,107.99138888888889,3
2016-10-20,75.2823611111111,81.1875,11.679333333333334,38.265138888888885,38.90833333333334,12.478666666666667,81.1875,2
2016-10-21,31.238888888888887,36.004444444444445,11.899555555555558,29.980694444444445,23.477777777777774,8.615444444444444,36.004444444444445,1
2016-10-22,29.56238095238095,35.13288888888889,10.751111111111108,33.745694444444446,25.586111111111116,6.5119444444444445,35.13288888888889,1
2016-10-23,29.994285714285713,34.14011111111111,10.845333333333336,25.459027777777777,19.272222222222222,11.150666666666666,34.14011111111111,1
2016-10-24,35.15380952380953,49.88611111111111,14.55477777777778,39.878611111111105,30.161111111111104,6.791722222222223,49.88611111111111,1
2016-10-25,45.94777777777778,59.89666666666667,25.661777777777775,40.207638888888894,35.375,8.156833333333333,59.89666666666667,2
2016-10-26,72.83111111111111,77.28466666666665,20.897444444444446,45.710972222222225,48.01666666666666,8.696111111111112,77.28466666666665,2
2016-10-27,36.37412698412698,41.04611111111112,9.051,39.09736111111111,25.122222222222224,7.995833333333333,41.04611111111112,1
2016-10-28,25.805238095238092,29.601666666666667,12.519,23.15,12.491666666666667,18.665000000000003,29.601666666666667,1
2016-10-29,36.40079365079365,54.19111111111111,37.548333333333325,38.04541666666667,19.944444444444446,14.012833333333333,54.19111111111111,2
2016-10-30,63.88791666666667,68.38216666666668,51.18222222222222,46.79277777777778,33.675000000000004,14.396555555555556,68.38216666666668,2
2016-10-31,40.320317460317455,48.391111111111115,17.676555555555556,29.90430555555555,13.325000000000001,18.677555555555557,48.391111111111115,1
2016-11-01,74.43958333333333,81.85877777777779,46.50166666666666,59.30194444444445,33.72222222222223,7.452333333333332,81.85877777777779,2
2016-11-02,92.82944444444445,90.86166666666666,55.86255555555556,52.18958333333333,38.24166666666667,13.721277777777777,92.82944444444445,2
2016-11-03,102.35597222222223,97.91888888888889,67.51016666666666,64.33666666666666,45.90833333333333,16.2505,102.35597222222223,3
2016-11-04,131.31791666666663,115.07244444444443,71.24483333333333,78.24569444444445,50.463888888888896,15.85872222222222,131.31791666666663,3
2016-11-05,128.75375,108.1378888888889,55.74127777777778,75.13055555555556,48.03611111111112,20.479388888888888,128.75375,3
2016-11-06,91.0813888888889,79.70216666666667,17.105555555555558,47.71958333333333,23.719444444444445,26.44377777777778,91.0813888888889,2
2016-11-07,70.99972222222223,62.08555555555555,23.301888888888882,48.73597222222223,20.919444444444444,14.634777777777778,70.99972222222223,2
2016-11-08,43.47349206349206,56.7705,31.581666666666663,45.1476388888889,20.83888888888889,16.861777777777778,56.7705,2
2016-11-09,94.86555555555555,92.91622222222223,66.09394444444445,71.68208333333334,40.772222222222226,13.174777777777777,94.86555555555555,2
2016-11-10,71.27763888888889,75.23305555555555,44.23555555555556,41.63347222222222,24.74166666666667,25.534222222222226,75.23305555555555,2
2016-11-11,81.25694444444446,106.93861111111111,64.99661111111112,65.48750000000001,31.397222222222226,15.625055555555557,106.93861111111111,3
2016-11-12,126.78041666666667,121.84427777777778,57.32805555555556,87.88805555555554,42.50833333333333,11.640555555555556,126.78041666666667,3
2016-11-13,133.90972222222223,123.23461111111112,69.31044444444444,87.41291666666667,54.34444444444445,13.372555555555556,133.90972222222223,3
2016-11-14,89.84180555555555,90.36594444444445,45.690777777777775,60.692916666666655,31.24722222222222,17.918222222222223,90.36594444444445,2
2016-11-15,173.95460317460316,134.07627777777776,51.04600000000001,89.51972222222223,51.269444444444446,10.13438888888889,173.95460317460316,4
2016-11-16,195.95190476190476,141.39061111111113,69.95433333333332,94.74666666666666,58.28333333333333,14.304166666666665,195.95190476190476,4
2016-11-17,222.33866666666665,158.94255555555557,67.60494444444444,111.10388888888889,62.98055555555556,8.293,222.33866666666665,5
2016-11-18,234.58711111111108,171.68166666666667,76.94938888888888,105.4808888888889,66.74444444444445,8.722499999999998,234.58711111111108,5
2016-11-19,106.63000000000002,88.88744444444444,48.288777777777774,52.68263888888888,33.802777777777784,15.76672222222222,106.63000000000002,3
2016-11-20,130.12444444444446,107.58149999999999,45.94811111111111,72.37583333333333,47.06666666666666,7.1834444444444445,130.12444444444446,3
2016-11-21,45.712857142857146,49.00922222222223,19.52277777777778,38.47805555555556,28.588888888888892,9.588444444444445,49.00922222222223,1
2016-11-22,33.378253968253965,39.099555555555554,23.19088888888889,27.488333333333337,15.14722222222222,22.641222222222222,39.099555555555554,1
2016-11-23,50.08166666666667,55.81766666666667,50.849000000000004,46.09194444444445,21.76944444444445,16.78677777777778,55.81766666666667,2
2016-11-24,69.51291666666665,69.83833333333334,71.12355555555555,65.29208333333332,33.988888888888894,18.919944444444447,71.12355555555555,2
2016-11-25,102.81041666666667,89.89327777777778,95.99444444444444,72.965,43.111111111111114,23.82172222222222,102.81041666666667,3
2016-11-26,53.739444444444445,83.97900000000001,31.235333333333333,27.390000000000004,19.36111111111111,25.858611111111102,83.97900000000001,2
2016-11-27,67.39847222222224,79.61466666666666,51.36666666666666,53.79236111111112,28.844444444444445,17.827277777777777,79.61466666666666,2
2016-11-28,104.72055555555555,95.53266666666667,71.9628888888889,82.25486111111111,47.29722222222222,12.054222222222222,104.72055555555555,3
2016-11-29,172.65523809523808,132.97727777777777,83.84266666666667,102.78222222222223,62.46944444444445,6.457888888888889,172.65523809523808,4
2016-11-30,106.87416666666667,91.27572222222221,59.02661111111111,57.50527777777777,32.263888888888886,18.296388888888888,106.87416666666667,3
2016-12-01,62.73194444444445,65.93077777777776,48.891888888888886,58.40708333333335,25.275,16.94888888888889,65.93077777777776,2
2016-12-02,98.40208333333334,90.27038888888889,83.17066666666668,81.33583333333333,46.56944444444444,10.654277777777777,98.40208333333334,2
2016-12-03,203.4218888888889,141.99622222222223,104.041452991453,100.33055555555555,67.34722222222223,12.683611111111112,203.4218888888889,5
2016-12-04,203.35955555555554,141.233,84.31833333333333,98.22527777777778,61.66666666666667,12.564555555555556,203.35955555555554,5
2016-12-05,138.7061111111111,108.18283333333333,46.867333333333335,65.5598611111111,43.76111111111112,17.104944444444445,138.7061111111111,3
2016-12-06,67.34430555555555,70.81533333333333,75.33022222222222,60.71166666666666,33.18611111111111,16.25,75.33022222222222,2
2016-12-07,62.20680555555556,66.4483888888889,56.248333333333335,60.3575,26.87777777777778,16.953,66.4483888888889,2
2016-12-08,72.04236111111112,70.44761111111112,71.05472222222224,60.43597222222222,32.85833333333333,15.503388888888887,72.04236111111112,2
2016-12-09,55.56597222222223,59.118611111111115,41.295,58.37041666666667,26.208333333333332,12.645444444444445,59.118611111111115,2
2016-12-10,113.37416666666668,99.04094444444445,73.36416666666668,88.83138888888888,51.51388888888889,5.931388888888889,113.37416666666668,3
2016-12-11,181.64333333333337,125.16894444444445,67.76288888888888,98.52361111111111,63.861111111111114,5.421388888888888,181.64333333333337,4
2016-12-12,238.1071111111111,151.65733333333333,82.57355555555554,101.20061111111112,79.6611111111111,5.7625,238.1071111111111,5
2016-12-13,149.43375000000003,95.35483333333335,39.64444444444445,69.10888888888888,50.477777777777774,11.163222222222224,149.43375000000003,3
2016-12-14,110.03541666666665,79.27033333333333,65.60283333333334,71.63791666666668,47.76388888888889,9.755833333333333,110.03541666666665,3
2016-12-15,96.10263888888889,73.89438888888888,58.75311111111111,67.35583333333334,36.236111111111114,14.513055555555558,96.10263888888889,2
2016-12-16,95.56541666666666,84.65522222222222,81.77666666666667,78.01180555555557,50.67500000000001,10.474888888888891,95.56541666666666,2
2016-12-17,129.1172222222222,102.48061111111112,85.2103888888889,89.39222222222222,62.95,10.179666666666668,129.1172222222222,3
2016-12-18,154.99158730158726,112.07016666666668,77.90516666666666,97.7225,60.086111111111116,10.295444444444446,154.99158730158726,4
2016-12-19,157.30793650793652,110.8655,74.80922222222222,94.64680555555555,57.74722222222223,11.460666666666667,157.30793650793652,4
2016-12-20,166.27777777777777,111.64122222222221,75.72061111111111,97.23208333333334,64.76388888888889,8.785666666666666,166.27777777777777,4
2016-12-21,165.50650793650792,103.99816666666668,63.68261111111111,77.29680555555557,62.46111111111111,9.386111111111111,165.50650793650792,4
2016-12-22,52.06194444444445,49.073,31.81222222222222,34.59013888888889,20.355555555555558,22.25533333333333,52.06194444444445,2
2016-12-23,89.81777777777778,75.30505555555555,55.09905555555555,69.44638888888889,40.70833333333334,12.271277777777778,89.81777777777778,2
2016-12-24,179.76349206349207,118.19638888888888,60.75311111111111,89.28347222222222,64.75,8.380888888888888,179.76349206349207,4
2016-12-25,199.00984126984127,125.6631111111111,69.69266666666667,86.91833333333334,64.21666666666667,8.891222222222222,199.00984126984127,4
2016-12-26,144.08499999999998,90.86566666666666,62.30811111111111,67.32805555555555,52.40555555555555,11.607055555555554,144.08499999999998,3
2016-12-27,38.830634920634914,46.61122222222221,30.72322222222222,30.8375,20.602777777777778,22.712833333333336,46.61122222222221,1
2016-12-28,83.77486111111112,76.0971111111111,62.2765,66.73944444444444,37.90277777777778,10.599111111111112,83.77486111111112,2
2016-12-29,82.47069444444445,76.21555555555557,61.024277777777776,65.16361111111112,38.09166666666666,13.00483333333333,82.47069444444445,2
2016-12-30,121.63055555555557,98.5575,88.3291111111111,86.75500000000001,54.44444444444444,10.231611111111112,121.63055555555557,3
2016-12-31,176.16777777777781,125.00638888888888,100.12907692307692,95.11708333333333,64.17222222222222,13.040222222222221,176.16777777777781,4
2017-01-01,152.17396825396827,117.16316666666667,84.11483333333334,96.08263888888888,69.54166666666667,12.091166666666666,152.17396825396827,4
2017-01-02,163.60222222222222,122.75694444444446,93.5683888888889,103.19872222222222,70.18888888888887,12.246833333333335,163.60222222222222,4
2017-01-03,153.7136507936508,117.74216666666666,90.18255555555557,87.905,67.90555555555557,12.351500000000001,153.7136507936508,4
2017-01-04,124.58069444444446,102.75322222222222,68.04694444444445,94.14388888888888,61.675000000000004,12.547388888888891,124.58069444444446,3
2017-01-05,193.2579365079365,124.55955555555555,50.39633333333333,82.10291666666664,85.77499999999999,23.191222222222223,193.2579365079365,4
2017-01-06,167.2830158730159,119.59088888888887,67.33850000000001,88.56194444444444,85.60277777777779,7.806055555555555,167.2830158730159,4
2017-01-07,214.9848888888889,146.17416666666668,68.09527777777777,100.90466666666666,95.45833333333334,6.102833333333334,214.9848888888889,5
2017-01-08,77.92180555555557,64.05572222222222,51.13505555555555,48.61944444444444,38.18611111111112,18.17588888888889,77.92180555555557,2
2017-01-09,57.783333333333346,60.04016666666667,50.588388888888886,52.37916666666666,31.830555555555556,17.284333333333333,60.04016666666667,2
2017-01-10,50.91708333333334,53.74261111111112,39.85977777777778,47.34791666666666,23.844444444444445,18.552444444444443,53.74261111111112,2
2017-01-11,65.73847222222223,65.41333333333333,55.616777777777784,52.192638888888894,30.455555555555552,16.27027777777778,65.73847222222223,2
2017-01-12,49.163809523809526,54.906611111111104,40.86822222222222,41.34875,22.286111111111108,19.796555555555553,54.906611111111104,2
2017-01-13,67.26180555555555,63.924499999999995,50.89561111111111,52.630694444444444,25.786111111111115,16.280666666666665,67.26180555555555,2
2017-01-14,135.0308333333333,100.75172222222223,61.64411111111111,91.56777777777778,47.31944444444445,8.183777777777777,135.0308333333333,3
2017-01-15,212.34900000000002,134.16688888888888,70.92244444444444,98.46388888888889,58.21666666666667,5.8098888888888895,212.34900000000002,5
2017-01-16,276.45477777777785,173.12127777777778,75.52216666666666,100.82066666666667,72.64722222222221,5.021222222222223,276.45477777777785,5
2017-01-17,135.51527777777778,91.9516111111111,54.930277777777775,63.855,39.386111111111106,14.239722222222222,135.51527777777778,3
2017-01-18,227.13555555555558,148.7975,63.049499999999995,99.49097222222221,59.52499999999999,7.5329444444444436,227.13555555555558,5
2017-01-19,88.86013888888888,84.25266666666667,37.46,35.68055555555555,23.302777777777774,24.60427777777777,88.86013888888888,2
2017-01-20,44.22253968253968,51.52883333333334,55.810388888888895,41.18458333333333,20.78055555555556,22.370666666666672,55.810388888888895,2
2017-01-21,56.95791666666666,59.88527777777778,56.97361111111111,42.25555555555555,23.622222222222224,22.031055555555554,59.88527777777778,2
2017-01-22,69.0001388888889,67.14077777777777,62.72872222222222,55.87222222222223,32.322222222222216,15.582555555555553,69.0001388888889,2
2017-01-23,144.54416666666668,107.87772222222223,79.46255555555555,95.45791666666666,56.69722222222222,8.880444444444445,144.54416666666668,3
2017-01-24,216.34166666666664,138.4425,78.75277777777777,102.4903888888889,66.11111111111111,12.172444444444443,216.34166666666664,5
2017-01-25,244.3188888888889,155.10838888888892,100.05394871794871,100.72550000000001,75.95833333333334,14.2115,244.3188888888889,5
2017-01-26,136.5536111111111,105.74783333333333,69.62938888888888,51.52583333333333,40.66111111111111,23.072333333333336,136.5536111111111,3
2017-01-27,77.28666666666666,71.78094444444443,56.22361111111111,39.271944444444436,29.936111111111114,25.874277777777774,77.28666666666666,2
2017-01-28,185.66634920634917,119.61616666666667,85.54116666666667,71.54805555555555,56.52777777777778,17.737555555555556,185.66634920634917,4
2017-01-29,72.10319444444444,69.22922222222223,43.51322222222223,29.781666666666666,25.38888888888889,26.431444444444445,72.10319444444444,2
2017-01-30,32.76111111111111,38.397111111111116,32.83088888888889,23.431805555555556,20.711111111111112,27.751611111111107,38.397111111111116,1
2017-01-31,89.77805555555555,75.37838888888888,75.5381111111111,53.964999999999996,37.75555555555556,17.889722222222222,89.77805555555555,2
2017-02-01,107.2775,86.01361111111112,65.975,54.70125,43.577777777777776,20.833888888888893,107.2775,3
2017-02-02,140.225,103.48899999999999,78.54916666666665,70.6348611111111,57.136111111111106,19.787666666666667,140.225,3
2017-02-03,227.6637777777778,143.07638888888889,102.38254700854701,99.66055555555556,74.63055555555556,18.30427777777778,227.6637777777778,5
2017-02-04,204.18466666666666,126.53533333333333,87.53172222222221,86.95152777777777,60.48611111111111,19.422277777777776,204.18466666666666,5
2017-02-05,126.26861111111111,94.54005555555555,53.80444444444444,67.00444444444443,42.569444444444436,26.636166666666668,126.26861111111111,3
2017-02-06,158.88380952380953,109.47083333333335,49.160777777777774,72.01527777777778,44.44166666666667,21.086055555555557,158.88380952380953,4
2017-02-07,102.61277777777778,85.10183333333333,50.50611111111111,56.17791666666666,31.897222222222226,19.22572222222222,102.61277777777778,3
2017-02-08,65.79694444444445,64.27216666666666,33.734555555555566,37.33166666666667,21.805555555555557,23.96472222222222,65.79694444444445,2
2017-02-09,25.10952380952381,29.617333333333335,18.036777777777775,16.845138888888894,12.225000000000001,32.323888888888895,32.323888888888895,1
2017-02-10,31.123492063492066,32.68588888888889,24.849222222222224,24.348333333333333,14.258333333333335,29.26422222222222,32.68588888888889,1
2017-02-11,68.39916666666667,61.54138888888889,57.96805555555556,46.25277777777778,23.78611111111111,20.833,68.39916666666667,2
2017-02-12,81.51,70.64922222222222,62.14661111111111,55.116805555555544,31.10833333333333,19.398833333333332,81.51,2
2017-02-13,101.8873611111111,87.38094444444445,60.603944444444444,69.96833333333332,40.233333333333334,21.812333333333342,101.8873611111111,3
2017-02-14,193.39460317460316,137.02694444444444,85.8293888888889,102.76766666666666,61.44722222222222,15.069444444444446,193.39460317460316,4
2017-02-15,188.91952380952378,130.25616666666667,78.98755555555556,90.2413888888889,61.08333333333334,23.17588888888889,188.91952380952378,4
2017-02-16,167.11603174603175,137.06277777777774,60.81172222222222,72.23680555555556,48.0,28.96044444444444,167.11603174603175,4
2017-02-17,73.85277777777777,83.88983333333334,35.827666666666666,51.98861111111111,29.7,22.2135,83.88983333333334,2
2017-02-18,72.99694444444444,84.8488888888889,65.40677777777779,71.14027777777778,35.425,20.836944444444445,84.8488888888889,2
2017-02-19,124.43666666666667,116.35261111111112,65.47372222222222,73.61430555555557,44.758333333333326,26.494555555555554,124.43666666666667,3
2017-02-20,49.566825396825394,69.0215,20.97066666666667,33.52388888888889,21.605555555555554,30.906222222222226,69.0215,2
2017-02-21,56.455,54.626000000000005,23.002555555555556,33.57861111111111,22.66111111111111,28.693611111111114,56.455,2
2017-02-22,74.81555555555556,63.09766666666667,42.040666666666674,36.857777777777784,26.227777777777778,26.45277777777778,74.81555555555556,2
2017-02-23,36.27825396825397,40.45655555555556,28.037888888888887,37.118750000000006,16.427777777777777,30.999388888888895,40.45655555555556,1
2017-02-24,56.091944444444444,56.88600000000001,41.90188888888889,49.744444444444454,21.555555555555557,24.073555555555554,56.88600000000001,2
2017-02-25,42.12888888888889,50.23155555555556,32.20977777777778,44.303888888888885,18.975,25.855999999999998,50.23155555555556,1
2017-02-26,51.71291666666666,58.20177777777778,43.91733333333334,53.69666666666667,26.586111111111105,21.31911111111111,58.20177777777778,2
2017-02-27,66.37944444444446,67.775,53.38794444444444,52.2675,30.172222222222224,23.25011111111111,67.775,2
2017-02-28,61.414027777777775,60.04938888888889,45.53300000000001,38.754999999999995,18.047222222222224,22.56961111111111,61.414027777777775,2
2017-03-01,27.68936507936508,50.075833333333335,15.776999999999997,20.814861111111107,11.822222222222223,33.818111111111115,50.075833333333335,1
2017-03-02,43.054920634920634,54.124111111111105,55.49083333333333,47.19930555555556,24.958333333333336,24.779055555555555,55.49083333333333,2
2017-03-03,63.91263888888889,66.35572222222223,57.75977777777778,56.93277777777777,29.250000000000004,24.722166666666666,66.35572222222223,2
2017-03-04,82.08875,84.8146111111111,47.14277777777778,68.3975,32.727777777777774,23.953555555555553,84.8146111111111,2
2017-03-05,82.61888888888889,77.68111111111111,28.070111111111103,46.259027777777774,28.058333333333334,29.842166666666667,82.61888888888889,2
2017-03-06,26.279047619047617,41.949222222222225,20.673777777777776,30.388888888888893,17.602777777777778,29.23588888888889,41.949222222222225,1
2017-03-07,23.370317460317462,33.37577777777778,16.55377777777778,27.062916666666673,15.288888888888888,29.385055555555553,33.37577777777778,1
2017-03-08,25.36920634920635,31.88866666666667,21.942333333333337,25.65486111111111,14.505555555555555,30.517555555555553,31.88866666666667,1
2017-03-09,39.919841269841264,49.22844444444445,34.72188888888889,40.24583333333333,18.588888888888892,25.53238888888889,49.22844444444445,1
2017-03-10,71.83888888888887,71.86772222222223,52.73394444444445,56.12972222222222,27.113888888888887,23.067333333333337,71.86772222222223,2
2017-03-11,77.1575,78.29350000000001,53.04688888888889,57.981944444444444,28.455555555555556,26.103944444444448,78.29350000000001,2
2017-03-12,45.36825396825397,62.77066666666666,28.985888888888894,42.15583333333334,19.849999999999998,29.275666666666666,62.77066666666666,2
2017-03-13,38.73412698412699,56.52894444444445,30.350333333333328,42.52041666666667,18.46388888888889,27.91883333333333,56.52894444444445,2
2017-03-14,59.45444444444444,68.49972222222223,53.83883333333334,53.09166666666667,28.06388888888889,27.017722222222222,68.49972222222223,2
2017-03-15,86.50263888888888,89.45688888888888,55.501555555555555,72.065,39.74444444444445,27.911000000000005,89.45688888888888,2
2017-03-16,93.26749999999998,86.67094444444444,57.651999999999994,56.29124999999999,29.76666666666667,35.421166666666664,93.26749999999998,2
2017-03-17,118.49319444444446,97.70155555555556,58.85788888888889,67.17694444444444,36.474999999999994,28.849666666666668,118.49319444444446,3
2017-03-18,141.1826388888889,112.16544444444445,50.62394444444445,64.87347222222222,36.291666666666664,41.30788888888889,141.1826388888889,3
2017-03-19,163.4426984126984,118.56233333333334,46.60233333333335,59.782916666666665,33.29722222222222,56.56814814814817,163.4426984126984,4
2017-03-20,78.73597222222223,67.50694444444444,21.215333333333334,32.719166666666666,21.558333333333334,48.74772222222222,78.73597222222223,2
2017-03-21,119.74305555555554,99.03699999999999,37.821444444444445,55.716527777777785,29.799999999999997,32.99533333333333,119.74305555555554,3
2017-03-22,152.77190476190478,113.23227777777778,47.931999999999995,72.25791666666666,40.52222222222222,24.921666666666667,152.77190476190478,4
2017-03-23,96.8013888888889,69.35922222222223,18.531555555555556,44.64069444444444,28.944444444444446,23.489722222222223,96.8013888888889,2
2017-03-24,72.59138888888887,67.22633333333334,30.070444444444444,35.735555555555564,22.174999999999997,25.109333333333336,72.59138888888887,2
2017-03-25,37.32539682539683,42.96433333333332,16.692333333333334,22.233194444444443,13.644444444444442,34.86488888888889,42.96433333333332,1
2017-03-26,28.804285714285715,32.28133333333333,16.311222222222224,25.20513888888889,11.955555555555557,35.395222222222216,35.395222222222216,1
2017-03-27,52.92305555555555,61.810833333333335,39.01511111111111,43.28847222222221,18.927777777777774,30.864611111111113,61.810833333333335,2
2017-03-28,69.05236111111111,61.653666666666666,20.867000000000004,29.83347222222222,16.897222222222222,39.69777777777778,69.05236111111111,2
2017-03-29,77.76652777777778,76.34627777777777,40.458000000000006,52.945,25.75555555555556,33.04472222222222,77.76652777777778,2
2017-03-30,104.08888888888889,100.03194444444443,42.417777777777786,59.877916666666664,28.96666666666667,31.5665,104.08888888888889,3
2017-03-31,78.16583333333334,69.08494444444446,16.926111111111112,34.79972222222223,17.97222222222222,35.156888888888886,78.16583333333334,2
2017-04-01,33.139523809523816,50.59583333333333,22.546333333333333,39.880833333333335,15.247222222222224,31.177777777777777,50.59583333333333,1
2017-04-02,52.502361111111114,62.26244444444445,34.51455555555555,49.57958333333333,17.002777777777776,34.31027777777778,62.26244444444445,2
2017-04-03,99.54777777777778,97.18605555555554,46.68422222222222,69.47791666666666,30.816666666666663,36.18622222222222,99.54777777777778,2
2017-04-04,92.46013888888889,75.35983333333334,31.978888888888886,46.07236111111111,26.86944444444444,36.779333333333334,92.46013888888889,2
2017-04-05,59.65680555555555,55.21377777777778,17.87833333333333,38.46930555555556,18.475,35.34838888888889,59.65680555555555,2
2017-04-06,101.04083333333334,85.29822222222222,31.704444444444448,54.01694444444445,28.72222222222222,42.19505555555556,101.04083333333334,3
2017-04-07,200.269,130.38761111111114,27.354,52.716111111111104,35.27222222222222,58.42592592592592,200.269,4
2017-04-08,105.59861111111113,74.66483333333332,14.745555555555555,32.54472222222223,23.183333333333337,41.35427777777777,105.59861111111113,3
2017-04-09,32.097460317460325,34.52022222222222,19.25911111111111,27.31513888888889,15.2,34.39461111111111,34.52022222222222,1
2017-04-10,59.37388888888889,56.9718888888889,27.53844444444444,37.70097222222223,20.70277777777778,30.60472222222222,59.37388888888889,2
2017-04-11,62.51222222222222,63.659111111111116,30.334999999999994,40.866249999999994,17.56388888888889,31.721888888888895,63.659111111111116,2
2017-04-12,50.72722222222222,68.07627777777776,28.114555555555558,56.20819444444444,16.71666666666667,29.942666666666668,68.07627777777776,2
2017-04-13,55.988194444444446,64.39294444444445,26.371555555555556,52.00513888888889,17.044444444444444,27.142166666666668,64.39294444444445,2
2017-04-14,46.6331746031746,63.375499999999995,24.02088888888889,48.91138888888888,16.802777777777777,28.7925,63.375499999999995,2
2017-04-15,40.39539682539683,58.26138888888889,21.180666666666667,49.67097222222223,14.069444444444446,31.952111111111112,58.26138888888889,2
2017-04-16,51.11069444444445,61.356055555555564,36.62377777777778,39.26083333333334,15.716666666666669,31.959388888888885,61.356055555555564,2
2017-04-17,71.03611111111111,108.0655,17.005222222222223,22.880833333333335,10.677777777777779,36.45366666666666,108.0655,3
2017-04-18,25.69698412698413,45.85422222222223,8.173222222222222,20.885833333333338,7.208333333333333,42.40094444444444,45.85422222222223,1
2017-04-19,55.136250000000004,70.32916666666668,20.71988888888889,48.83652777777778,13.002777777777776,24.355,70.32916666666668,2
2017-04-20,65.10069444444444,88.76194444444445,22.52577777777778,29.938888888888886,12.944444444444445,32.20361111111111,88.76194444444445,2
2017-04-21,20.846507936507937,30.45833333333333,7.905444444444445,19.079583333333332,8.375,38.400499999999994,38.400499999999994,1
2017-04-22,38.59238095238095,57.663000000000004,25.603666666666662,41.93930555555555,15.188888888888888,35.53227777777778,57.663000000000004,2
2017-04-23,58.86055555555555,76.45094444444445,39.391555555555556,45.58486111111111,19.71388888888889,44.76177777777778,76.45094444444445,2
2017-04-24,54.92249999999999,69.55744444444446,21.604555555555553,40.77486111111111,16.26388888888889,46.622055555555555,69.55744444444446,2
2017-04-25,51.59805555555555,66.51594444444444,16.147111111111112,36.58611111111111,15.572222222222223,38.54816666666667,66.51594444444444,2
2017-04-26,32.61888888888889,51.68205555555555,12.231555555555557,35.28611111111111,11.072222222222223,33.952888888888886,51.68205555555555,2
2017-04-27,29.948095238095238,51.566944444444445,15.151888888888891,36.852916666666665,11.950000000000001,35.190888888888885,51.566944444444445,2
2017-04-28,33.58396825396825,55.82244444444444,16.37711111111111,38.803472222222226,12.161111111111111,35.34316666666667,55.82244444444444,2
2017-04-29,40.876984126984134,63.685500000000005,20.530555555555555,38.934305555555554,16.669444444444444,36.65061111111111,63.685500000000005,2
2017-04-30,66.9113888888889,102.7508888888889,23.654555555555557,44.8525,20.919444444444444,47.9531111111111,102.7508888888889,3
2017-05-01,83.11402777777778,99.61483333333334,18.650777777777776,37.70055555555556,19.794444444444448,61.888240740740756,99.61483333333334,2
2017-05-02,88.16597222222222,103.40138888888889,26.833,42.54069444444444,29.891666666666666,90.08157407407407,103.40138888888889,3
2017-05-03,68.73375,65.27588888888889,19.18111111111111,35.15847222222222,24.38888888888889,47.731722222222224,68.73375,2
2017-05-04,147.59791666666666,197.85794444444446,7.295888888888889,23.793333333333333,13.01111111111111,37.87511111111112,197.85794444444446,4
2017-05-05,96.38305555555556,127.12177777777777,7.2328888888888905,16.356527777777778,10.272222222222222,44.39088888888889,127.12177777777777,3
2017-05-06,38.83968253968254,58.996944444444445,11.750333333333336,22.110000000000003,10.591666666666665,44.10861111111112,58.996944444444445,2
2017-05-07,51.12944444444445,62.819222222222216,22.186111111111114,48.182083333333324,13.652777777777777,40.61022222222221,62.819222222222216,2
2017-05-08,50.465277777777786,65.71144444444445,16.38,49.50763888888889,15.419444444444444,44.65061111111112,65.71144444444445,2
2017-05-09,63.31986111111111,74.14594444444444,21.468777777777778,43.106944444444444,20.008333333333336,44.479666666666674,74.14594444444444,2
2017-05-10,40.14507936507936,58.755388888888895,10.875777777777778,34.93819444444444,11.1,39.08216666666666,58.755388888888895,2
2017-05-11,52.98638888888889,67.98205555555555,12.826555555555556,38.79097222222223,11.780555555555555,36.2555,67.98205555555555,2
2017-05-12,49.486666666666665,69.1656111111111,12.681333333333335,33.71486111111111,8.575,40.07688888888889,69.1656111111111,2
2017-05-13,46.15412698412698,64.23655555555555,8.552888888888889,27.21430555555556,7.72777777777778,50.02962962962963,64.23655555555555,2
2017-05-14,40.376984126984134,59.70111111111112,12.172000000000002,42.08097222222223,12.194444444444445,41.49333333333334,59.70111111111112,2
2017-05-15,40.972698412698406,56.36577777777778,11.316333333333334,32.94819444444444,13.875000000000002,50.93990740740741,56.36577777777778,2
2017-05-16,32.46492063492064,44.424,13.787111111111109,26.043888888888894,13.097222222222223,50.723611111111104,50.723611111111104,1
2017-05-17,51.32111111111111,60.467999999999996,18.115888888888886,30.142500000000005,17.080555555555556,81.67046296296296,81.67046296296296,2
2017-05-18,66.05152777777778,73.23022222222222,16.147777777777776,57.80361111111112,20.524999999999995,70.62453703703704,73.23022222222222,2
2017-05-19,44.580158730158736,59.52222222222222,18.189,38.96333333333333,17.93888888888889,52.89333333333333,59.52222222222222,2
2017-05-20,51.36361111111111,61.093944444444446,16.24411111111111,34.17472222222223,19.427777777777777,68.59953703703705,68.59953703703705,2
2017-05-21,63.985972222222216,69.74016666666668,18.18722222222222,35.69097222222222,24.761111111111113,81.68314814814816,81.68314814814816,2
2017-05-22,80.09027777777777,77.99833333333333,13.601333333333335,37.77194444444444,28.238888888888887,35.210055555555556,80.09027777777777,2
2017-05-23,23.410793650793654,25.76733333333333,5.59588888888889,19.64902777777778,10.494444444444444,41.42188888888888,41.42188888888888,1
2017-05-24,23.44253968253968,34.592000000000006,10.082666666666666,32.04708333333334,8.752777777777778,41.465277777777786,41.465277777777786,1
2017-05-25,34.38873015873016,54.447500000000005,16.323555555555558,34.988749999999996,13.55833333333333,56.48175925925926,56.48175925925926,2
2017-05-26,50.6023611111111,62.77027777777778,19.006555555555554,42.48958333333333,19.094444444444445,83.2837962962963,83.2837962962963,2
2017-05-27,53.29097222222223,63.36177777777778,23.123555555555555,49.53527777777778,20.53611111111111,63.75074074074073,63.75074074074073,2
2017-05-28,82.21527777777777,86.2753888888889,28.390333333333327,40.251666666666665,27.53333333333334,116.56292929292931,116.56292929292931,3
2017-05-29,81.76777777777777,104.20688888888888,18.631888888888888,32.47013888888888,29.92777777777778,108.76959595959596,108.76959595959596,3
2017-05-30,64.35611111111112,83.85827777777777,18.656111111111112,35.32652777777777,23.375,70.56435185185184,83.85827777777777,2
2017-05-31,38.553650793650796,45.634666666666675,9.403555555555556,32.204861111111114,13.836111111111112,45.044611111111095,45.634666666666675,1
2017-06-01,57.477222222222224,67.0695,14.508777777777777,42.91236111111111,19.436111111111114,71.7275925925926,71.7275925925926,2
2017-06-02,80.68569444444445,85.9388888888889,20.93444444444445,53.952083333333334,25.777777777777782,66.27537037037038,85.9388888888889,2
2017-06-03,45.761269841269836,56.041,13.172222222222222,28.642222222222223,16.18888888888889,44.29888888888889,56.041,2
2017-06-04,44.601111111111116,59.131166666666665,18.314222222222224,44.47375,19.625,45.45238888888889,59.131166666666665,2
2017-06-05,66.62444444444444,73.50550000000001,21.33066666666667,58.55888888888888,26.32777777777778,40.29472222222223,73.50550000000001,2
2017-06-06,42.88746031746031,43.72911111111111,8.109777777777778,26.820416666666667,12.052777777777779,44.97944444444445,44.97944444444445,1
2017-06-07,55.24041666666666,53.76299999999999,13.966,31.393194444444447,13.469444444444445,40.90761111111111,55.24041666666666,2
2017-06-08,43.626984126984134,54.73838888888889,19.53533333333333,39.60069444444444,13.819444444444443,49.648611111111116,54.73838888888889,2
2017-06-09,52.24486111111111,58.84694444444444,24.792777777777772,43.480694444444445,16.863888888888887,48.80527777777778,58.84694444444444,2
2017-06-10,70.7223611111111,86.2105,28.301333333333332,45.18930555555555,21.313888888888886,63.84962962962964,86.2105,2
2017-06-11,62.34055555555554,85.64622222222224,21.654777777777777,54.91152777777778,20.511111111111113,63.90583333333334,85.64622222222224,2
2017-06-12,85.17486111111111,85.51494444444444,18.18433333333333,39.41333333333333,27.13611111111111,89.92277777777778,89.92277777777778,2
2017-06-13,96.30041666666668,74.47588888888887,8.757666666666665,32.72527777777778,26.113888888888887,49.46333333333333,96.30041666666668,2
2017-06-14,63.954166666666666,61.636611111111115,8.959444444444445,39.041111111111114,18.966666666666665,59.36277777777779,63.954166666666666,2
2017-06-15,80.16930555555557,72.21244444444446,29.62877777777778,43.257777777777775,17.852777777777774,61.2362037037037,80.16930555555557,2
2017-06-16,90.96583333333334,86.49233333333333,22.10688888888889,57.78291666666667,28.650000000000002,92.37657407407406,92.37657407407406,2
2017-06-17,94.78666666666668,85.54711111111112,23.548222222222222,41.70638888888888,27.647222222222222,80.7925925925926,94.78666666666668,2
2017-06-18,73.73263888888889,72.99716666666667,25.177,37.23083333333334,24.772222222222222,74.19518518518518,74.19518518518518,2
2017-06-19,55.32444444444444,60.94438888888889,17.96511111111111,36.17125,19.530555555555555,53.54990740740741,60.94438888888889,2
2017-06-20,48.817142857142855,58.6665,14.996333333333334,34.824444444444445,15.572222222222223,57.51879629629631,58.6665,2
2017-06-21,80.36777777777779,78.52477777777779,18.201555555555554,53.481249999999996,22.980555555555558,63.21296296296296,80.36777777777779,2
2017-06-22,47.946984126984134,52.28611111111111,6.784999999999999,17.56763888888889,21.047222222222224,51.22305555555556,52.28611111111111,2
2017-06-23,50.255,52.858000000000004,9.597,28.984722222222224,22.472222222222225,47.047111111111114,52.858000000000004,2
2017-06-24,57.154027777777785,54.32716666666667,11.250333333333336,34.90430555555555,18.73611111111111,44.254777777777775,57.154027777777785,2
2017-06-25,46.0663492063492,53.05744444444444,11.092555555555554,38.20861111111112,15.288888888888888,45.038888888888884,53.05744444444444,2
2017-06-26,36.65079365079365,52.67011111111111,13.813222222222223,45.10694444444444,15.11388888888889,46.887166666666666,52.67011111111111,2
2017-06-27,51.81972222222222,62.54394444444444,17.64988888888889,44.658750000000005,18.505555555555556,62.989907407407394,62.989907407407394,2
2017-06-28,66.77125000000001,72.94783333333334,22.441777777777773,49.00402777777778,23.22777777777778,61.62694444444444,72.94783333333334,2
2017-06-29,65.44319444444443,69.36222222222221,18.824333333333332,38.857638888888886,21.41666666666667,57.56694444444444,69.36222222222221,2
2017-06-30,68.37,71.45094444444445,20.165666666666667,38.67569444444445,22.575,50.98083333333334,71.45094444444445,2
2017-07-01,73.29333333333334,72.51416666666665,18.792555555555555,31.162499999999994,21.81388888888889,70.87333333333333,73.29333333333334,2
2017-07-02,87.20819444444444,78.89227777777776,18.328666666666663,36.81513888888889,22.31388888888889,84.24462962962966,87.20819444444444,2
2017-07-03,94.29694444444445,86.90005555555555,23.781222222222222,47.76597222222222,26.080555555555556,84.96666666666667,94.29694444444445,2
2017-07-04,83.58416666666668,74.49694444444444,15.906555555555556,35.683749999999996,27.68888888888889,68.62527777777777,83.58416666666668,2
2017-07-05,75.04013888888889,72.40516666666666,16.761555555555557,33.76944444444444,25.60277777777778,61.9299074074074,75.04013888888889,2
2017-07-06,83.07958333333332,75.93222222222224,14.935888888888888,41.550555555555555,32.27777777777778,35.38916666666666,83.07958333333332,2
2017-07-07,59.116388888888885,59.91988888888889,18.93066666666667,29.445138888888884,18.852777777777778,48.607166666666664,59.91988888888889,2
2017-07-08,63.715833333333336,66.29150000000001,27.180444444444444,33.18958333333333,22.036111111111108,80.81657407407408,80.81657407407408,2
2017-07-09,56.80083333333333,66.69838888888887,22.902888888888892,40.80986111111112,18.158333333333335,55.05259259259258,66.69838888888887,2
2017-07-10,36.11238095238095,51.51811111111111,14.297000000000002,32.99736111111111,14.336111111111114,45.87205555555556,51.51811111111111,2
2017-07-11,56.785138888888895,68.84066666666666,25.486,40.87722222222222,25.69166666666667,75.13787037037038,75.13787037037038,2
2017-07-12,54.19625,63.005611111111115,20.30488888888889,33.47805555555556,22.927777777777777,83.19685185185185,83.19685185185185,2
2017-07-13,79.92680555555555,78.23166666666665,18.819222222222223,36.27555555555555,30.32777777777777,85.60657407407408,85.60657407407408,2
2017-07-14,66.75208333333333,71.67677777777777,12.777999999999999,22.082083333333333,19.286111111111108,98.41638888888887,98.41638888888887,2
2017-07-15,55.60888888888889,55.921499999999995,10.20111111111111,21.668194444444445,19.875,69.02638888888889,69.02638888888889,2
2017-07-16,55.891111111111115,55.75572222222222,10.022666666666668,16.922361111111115,19.752777777777776,61.787962962962965,61.787962962962965,2
2017-07-17,66.43333333333334,65.2058888888889,11.216666666666667,23.00347222222222,21.824999999999996,67.48842592592594,67.48842592592594,2
2017-07-18,80.68486111111112,71.70111111111112,14.027222222222221,28.523333333333333,26.175000000000004,60.93287037037038,80.68486111111112,2
2017-07-19,74.09722222222223,68.61250000000001,17.280777777777775,31.25597222222222,26.505555555555553,69.50620370370372,74.09722222222223,2
2017-07-20,86.31777777777778,75.18950000000001,13.99988888888889,18.13375,29.14999999999999,87.20185185185184,87.20185185185184,2
2017-07-21,53.02680555555555,57.10461111111111,12.088,29.68402777777778,27.27222222222222,37.602222222222224,57.10461111111111,2
2017-07-22,52.34041666666666,54.149,8.577666666666667,22.30375,25.89166666666667,32.16216666666667,54.149,2
2017-07-23,66.51916666666668,65.84244444444445,9.202555555555556,27.093888888888888,31.419444444444444,34.97733333333334,66.51916666666668,2
2017-07-24,60.84180555555555,59.68083333333333,9.794555555555556,27.749583333333334,26.272222222222226,32.356722222222224,60.84180555555555,2
2017-07-25,43.00079365079365,46.845111111111116,7.984666666666667,24.22833333333333,20.45277777777778,42.73961111111112,46.845111111111116,1
2017-07-26,53.34722222222223,55.11066666666666,8.786444444444443,29.173611111111107,25.630555555555556,35.25083333333333,55.11066666666666,2
2017-07-27,45.28507936507937,50.87866666666666,11.642000000000001,36.00375,19.71388888888889,23.578277777777775,50.87866666666666,1
2017-07-28,26.717301587301588,31.546888888888887,8.163,24.181944444444447,13.477777777777778,34.12244444444445,34.12244444444445,1
2017-07-29,33.45460317460318,31.546888888888883,15.825,22.562361111111112,11.53888888888889,44.600722222222224,44.600722222222224,1
2017-07-30,71.43527777777777,68.35883333333334,26.247111111111106,36.033055555555556,19.802777777777777,58.63101851851853,71.43527777777777,2
2017-07-31,93.81902777777779,80.96461111111111,14.549000000000001,21.766111111111112,21.25,93.74944444444445,93.81902777777779,2
2017-08-01,103.03833333333333,88.14188888888887,10.510444444444442,30.39375,23.502777777777776,58.0713888888889,103.03833333333333,3
2017-08-02,71.0134722222222,66.97233333333334,8.947666666666667,28.224305555555553,19.327777777777776,36.379111111111115,71.0134722222222,2
2017-08-03,52.91708333333333,54.8775,9.643444444444444,28.384305555555557,14.31666666666667,41.3065,54.8775,2
2017-08-04,46.81269841269841,58.154611111111116,18.735666666666663,40.12194444444445,14.24722222222222,50.49175925925926,58.154611111111116,2
2017-08-05,56.89708333333334,66.38977777777777,16.274444444444445,43.85805555555556,22.60277777777778,44.65877777777778,66.38977777777777,2
2017-08-06,50.31666666666667,56.596222222222224,16.320555555555554,32.00583333333333,16.97222222222222,49.83927777777777,56.596222222222224,2
2017-08-07,34.03349206349206,52.13294444444445,15.734333333333334,42.82125,15.45,35.89061111111112,52.13294444444445,2
2017-08-08,46.68825396825397,55.43822222222222,30.283777777777782,33.34847222222223,18.344444444444445,43.02449999999999,55.43822222222222,2
2017-08-09,33.48063492063492,42.416555555555554,19.81988888888889,29.11277777777778,13.425,42.09788888888888,42.416555555555554,1
2017-08-10,60.74597222222223,63.895944444444446,25.99177777777778,42.41833333333334,20.84444444444444,46.60455555555555,63.895944444444446,2
2017-08-11,67.92416666666668,72.83433333333332,17.349111111111114,44.83888888888889,29.836111111111112,55.52277777777778,72.83433333333332,2
2017-08-12,70.05208333333333,68.04266666666666,13.668888888888889,34.03333333333333,27.21388888888889,46.88511111111111,70.05208333333333,2
2017-08-13,63.84125000000001,60.29772222222223,11.579555555555553,25.74902777777778,22.683333333333334,49.012888888888895,63.84125000000001,2
2017-08-14,71.5965277777778,67.20977777777779,11.505222222222221,27.455833333333327,24.841666666666665,49.39166666666666,71.5965277777778,2
2017-08-15,72.66458333333333,69.23116666666667,14.13222222222222,31.785416666666674,24.502777777777776,51.435833333333335,72.66458333333333,2
2017-08-16,54.04569444444445,57.01716666666667,15.727222222222219,32.05763888888889,21.069444444444443,54.375,57.01716666666667,2
2017-08-17,108.53291666666667,76.61527777777778,30.570888888888888,31.129027777777775,21.486111111111114,44.327,108.53291666666667,3
2017-08-18,107.60666666666667,75.31911111111111,35.272444444444446,38.17305555555555,25.744444444444444,33.752,107.60666666666667,3
2017-08-19,54.42625,52.46227777777777,8.099222222222222,23.185000000000002,22.919444444444444,46.22072222222223,54.42625,2
2017-08-20,70.9715277777778,65.07355555555557,13.782888888888893,26.796388888888885,22.691666666666666,55.14601851851852,70.9715277777778,2
2017-08-21,86.5376388888889,77.71111111111111,15.178888888888887,28.512916666666666,27.363888888888894,57.29472222222222,86.5376388888889,2
2017-08-22,90.86625,74.11033333333333,9.807666666666668,28.83625,30.92777777777778,47.693666666666665,90.86625,2
2017-08-23,42.6031746031746,47.87877777777778,10.435888888888888,24.13013888888889,17.166666666666664,42.27988888888889,47.87877777777778,1
2017-08-24,31.65317460317461,43.13611111111112,12.945444444444442,30.867777777777775,9.902777777777779,36.95827777777778,43.13611111111112,1
2017-08-25,31.79571428571429,48.75022222222222,16.62322222222222,36.62694444444445,12.01666666666667,32.870000000000005,48.75022222222222,1
2017-08-26,39.735396825396826,56.27938888888889,28.227222222222228,45.45833333333333,18.224999999999998,23.84311111111111,56.27938888888889,2
2017-08-27,32.996349206349215,35.028111111111116,7.253111111111113,34.43736111111111,24.066666666666666,25.714388888888887,35.028111111111116,1
2017-08-28,39.759682539682544,44.88955555555555,14.193777777777777,46.12680555555555,31.50555555555556,15.947055555555556,46.12680555555555,1
2017-08-29,37.974761904761905,45.07644444444444,12.144,35.960833333333326,24.469444444444445,21.029055555555555,45.07644444444444,1
2017-08-30,40.443174603174604,45.715666666666664,13.979,31.683611111111112,19.28611111111111,36.23822222222223,45.715666666666664,1
2017-08-31,88.41194444444446,83.56644444444444,25.686333333333334,52.930416666666666,31.197222222222226,34.00355555555556,88.41194444444446,2
2017-09-01,92.82597222222223,82.28683333333333,19.15722222222222,46.35527777777778,38.78888888888889,37.17194444444444,92.82597222222223,2
2017-09-02,103.01708333333332,82.9966111111111,16.36466666666667,34.636250000000004,40.74444444444445,43.62072222222222,103.01708333333332,3
2017-09-03,69.35027777777776,69.5675,22.36511111111111,39.88180555555556,30.66666666666667,33.31116666666667,69.5675,2
2017-09-04,81.62069444444444,79.94788888888888,31.14188888888889,41.53750000000001,35.227777777777774,36.9895,81.62069444444444,2
2017-09-05,79.01972222222223,73.26233333333333,36.32855555555556,41.7336111111111,27.64166666666667,29.555333333333333,79.01972222222223,2
2017-09-06,61.27430555555556,60.49705555555556,34.32022222222222,36.6625,21.84722222222222,32.58127777777778,61.27430555555556,2
2017-09-07,56.23291666666667,64.88055555555556,31.40088888888889,45.62458333333333,20.15555555555556,34.41777777777778,64.88055555555556,2
2017-09-08,53.371111111111105,68.0925,32.053444444444445,52.50666666666667,20.875,36.717166666666664,68.0925,2
2017-09-09,86.51125,87.15244444444446,34.34377777777778,53.87194444444444,31.472222222222218,46.789888888888896,87.15244444444446,2
2017-09-10,91.91069444444445,86.73922222222222,40.74322222222222,52.01263888888889,34.94166666666666,32.18672222222222,91.91069444444445,2
2017-09-11,58.154722222222226,66.59633333333333,16.37388888888889,40.34125,19.391666666666666,35.20494444444444,66.59633333333333,2
2017-09-12,82.4875,87.215,27.453444444444443,49.84305555555555,29.136111111111113,47.066388888888895,87.215,2
2017-09-13,108.22027777777778,100.04344444444445,23.721000000000004,50.27569444444445,35.69722222222222,56.60527777777778,108.22027777777778,3
2017-09-14,74.54902777777778,78.15811111111111,22.686111111111114,45.192083333333336,27.766666666666666,59.53555555555557,78.15811111111111,2
2017-09-15,79.22458333333334,81.68105555555556,24.462555555555554,56.544444444444444,27.572222222222226,45.37894444444445,81.68105555555556,2
2017-09-16,81.75736111111111,76.50827777777778,30.01766666666667,49.08027777777778,30.305555555555557,29.35455555555555,81.75736111111111,2
2017-09-17,80.47138888888888,78.09800000000001,28.673888888888893,42.61569444444444,27.980555555555558,32.77333333333333,80.47138888888888,2
2017-09-18,44.57349206349207,53.000888888888895,18.37611111111111,31.12277777777778,17.125,33.898611111111116,53.000888888888895,2
2017-09-19,37.08539682539682,54.45122222222223,23.543666666666667,45.01625,17.002777777777776,28.4025,54.45122222222223,2
2017-09-20,46.9368253968254,67.47377777777777,23.105888888888888,55.20930555555556,20.21666666666667,38.13316666666666,67.47377777777777,2
2017-09-21,56.67,72.50105555555555,25.218666666666664,52.55499999999999,24.316666666666663,36.529944444444446,72.50105555555555,2
2017-09-22,65.25763888888889,82.29666666666665,18.380666666666666,36.93041666666667,12.438888888888888,28.25133333333333,82.29666666666665,2
2017-09-23,69.88541666666666,90.503,38.45066666666666,57.18819444444445,22.86388888888889,27.70844444444445,90.503,2
2017-09-24,84.51888888888888,95.53077777777779,35.706666666666656,53.10569444444444,27.925,51.47416666666667,95.53077777777779,2
2017-09-25,128.95111111111112,114.02361111111111,21.178444444444445,50.01333333333334,28.62222222222222,60.858796296296305,128.95111111111112,3
2017-09-26,97.64277777777778,87.3378888888889,14.318555555555555,51.93958333333334,24.272222222222226,30.531444444444446,97.64277777777778,2
2017-09-27,51.906666666666666,65.89994444444443,19.43466666666667,48.19027777777778,15.463888888888889,22.38166666666667,65.89994444444443,2
2017-09-28,36.767142857142865,54.83988888888889,19.969222222222225,42.49111111111112,11.697222222222221,22.952166666666667,54.83988888888889,2
2017-09-29,62.1651388888889,74.82483333333332,32.76355555555556,59.186805555555566,20.938888888888894,25.708,74.82483333333332,2
2017-09-30,103.97763888888888,103.54644444444445,33.44244444444445,67.91611111111112,31.036111111111108,33.25205555555556,103.97763888888888,3
2017-10-01,128.6834722222222,100.45616666666666,19.754555555555555,51.52791666666666,31.019444444444446,33.96288888888889,128.6834722222222,3
2017-10-02,65.53486111111111,67.61277777777778,11.666555555555556,50.36708333333333,19.15277777777778,16.10411111111111,67.61277777777778,2
2017-10-03,29.75603174603175,32.489888888888885,8.783222222222223,31.86819444444444,11.769444444444446,15.636222222222221,32.489888888888885,1
2017-10-04,36.741746031746025,50.215555555555554,17.85377777777778,31.25347222222222,15.997222222222222,20.471666666666668,50.215555555555554,1
2017-10-05,68.26388888888889,64.82672222222223,30.32166666666667,41.41736111111111,25.25555555555556,21.381444444444448,68.26388888888889,2
2017-10-06,92.11708333333334,79.24905555555554,33.187000000000005,48.202638888888885,28.21388888888889,24.512333333333334,92.11708333333334,2
2017-10-07,93.16444444444444,74.08127777777779,19.372777777777777,51.48902777777777,33.980555555555554,13.499333333333334,93.16444444444444,2
2017-10-08,38.48190476190476,40.84166666666666,8.983777777777776,38.550138888888895,24.83333333333334,13.161333333333332,40.84166666666666,1
2017-10-09,25.3415873015873,25.71422222222222,7.511444444444444,34.624027777777776,17.758333333333333,15.048055555555557,34.624027777777776,1
2017-10-10,20.426349206349204,20.13522222222222,6.131222222222223,24.045694444444443,10.363888888888887,18.770944444444446,24.045694444444443,1
2017-10-11,43.32190476190476,43.37844444444445,11.774333333333336,34.86819444444445,13.775,14.37,43.37844444444445,1
2017-10-12,57.78666666666667,57.35772222222223,22.549555555555553,42.71680555555555,17.883333333333336,17.49372222222222,57.78666666666667,2
2017-10-13,72.37902777777776,68.24361111111111,20.444333333333333,48.77111111111112,19.433333333333334,21.392777777777784,72.37902777777776,2
2017-10-14,120.82791666666665,89.22255555555556,14.628222222222224,64.40805555555556,28.03611111111111,10.935277777777777,120.82791666666665,3
2017-10-15,105.36152777777778,83.92977777777779,27.54777777777778,60.869583333333324,29.847222222222218,14.54911111111111,105.36152777777778,3
2017-10-16,129.7513888888889,97.64161111111112,19.977999999999998,65.41361111111111,32.18888888888888,11.880777777777778,129.7513888888889,3
2017-10-17,101.04916666666666,82.32711111111112,18.06533333333333,56.170833333333334,32.388888888888886,10.952555555555556,101.04916666666666,3
2017-10-18,56.38569444444444,57.0135,19.223666666666666,44.07319444444444,29.04166666666666,19.7,57.0135,2
2017-10-19,70.56736111111111,65.90266666666668,19.853555555555555,45.92361111111111,25.24444444444444,17.91761111111111,70.56736111111111,2
2017-10-20,80.39305555555555,76.644,24.016777777777776,55.96444444444444,28.252777777777776,20.132611111111107,80.39305555555555,2
2017-10-21,111.30166666666668,90.74005555555556,32.50599999999999,55.73291666666667,33.20277777777778,23.825722222222225,111.30166666666668,3
2017-10-22,94.55513888888889,75.31211111111111,21.632777777777775,42.14069444444444,28.224999999999994,23.440944444444444,94.55513888888889,2
2017-10-23,71.3301388888889,67.48444444444445,12.432222222222222,47.712361111111115,20.555555555555557,19.265444444444444,71.3301388888889,2
2017-10-24,95.59861111111111,82.16872222222221,18.957555555555555,49.34222222222222,31.43333333333333,23.202333333333332,95.59861111111111,2
2017-10-25,120.20083333333334,90.09383333333334,20.636999999999997,64.74361111111111,42.511111111111106,9.64472222222222,120.20083333333334,3
2017-10-26,106.65055555555556,82.16861111111112,39.54044444444445,51.262499999999996,32.1,19.42216666666667,106.65055555555556,3
2017-10-27,82.64166666666667,80.34772222222222,31.438,64.21708333333332,25.922222222222224,20.037666666666667,82.64166666666667,2
2017-10-28,58.01819444444445,68.189,20.00011111111111,47.58888888888889,18.505555555555553,17.58227777777778,68.189,2
2017-10-29,23.38222222222223,32.72188888888889,13.042111111111112,31.568888888888885,9.994444444444444,22.969333333333335,32.72188888888889,1
2017-10-30,49.63555555555555,60.72688888888889,30.188666666666666,59.67888888888889,20.013888888888886,16.278444444444442,60.72688888888889,2
2017-10-31,99.28944444444446,96.40927777777779,61.03022222222222,84.42263888888888,40.105555555555554,11.950111111111111,99.28944444444446,2
2017-11-01,104.55875,89.55227777777777,47.92966666666666,78.72152777777778,36.19722222222222,13.347166666666666,104.55875,3
2017-11-02,109.42916666666667,95.62244444444443,52.617444444444445,73.92305555555555,41.53055555555555,16.51711111111111,109.42916666666667,3
2017-11-03,52.616527777777776,55.364999999999995,15.436777777777777,45.27208333333333,15.938888888888892,21.859388888888887,55.364999999999995,2
2017-11-04,74.81847222222223,74.59544444444444,31.47288888888889,63.80263888888888,26.816666666666666,14.64411111111111,74.81847222222223,2
2017-11-05,121.80124999999998,99.73977777777777,47.015777777777764,83.36694444444446,38.65833333333333,16.19622222222222,121.80124999999998,3
2017-11-06,146.32222222222225,109.69427777777777,49.74944444444444,73.29763888888888,43.458333333333336,20.12577777777778,146.32222222222225,3
2017-11-07,55.81708333333334,65.46877777777777,19.365444444444446,39.35819444444445,16.125,25.074666666666662,65.46877777777777,2
2017-11-08,69.0838888888889,78.92138888888888,34.51755555555555,66.45055555555555,26.491666666666667,13.278444444444446,78.92138888888888,2
2017-11-09,93.33305555555556,90.11516666666667,41.07666666666666,70.34541666666667,30.974999999999998,15.779666666666664,93.33305555555556,2
2017-11-10,24.185079365079364,51.03594444444444,11.706666666666665,20.340555555555554,9.522222222222222,26.381777777777774,51.03594444444444,2
2017-11-11,60.54722222222222,69.76038888888888,46.757444444444445,62.68680555555556,27.89722222222222,11.495,69.76038888888888,2
2017-11-12,80.7159722222222,79.7405,59.42388888888888,67.93458333333334,34.18333333333334,11.972333333333333,80.7159722222222,2
2017-11-13,52.89416666666667,63.32505555555556,31.166,37.30597222222222,22.194444444444446,23.66038888888889,63.32505555555556,2
2017-11-14,35.06174603174603,52.57644444444445,25.26088888888889,43.235277777777775,18.372222222222224,18.1835,52.57644444444445,2
2017-11-15,52.53319444444444,61.81483333333333,30.948555555555558,61.47513888888888,23.97222222222222,13.304833333333336,61.81483333333333,2
2017-11-16,102.88777777777776,92.75011111111111,51.41955555555556,89.81013888888889,35.81944444444444,8.036944444444444,102.88777777777776,3
2017-11-17,85.09458333333332,83.5837222222222,44.16555555555555,60.41513888888889,36.41666666666667,16.012333333333334,85.09458333333332,2
2017-11-18,40.30761904761905,51.460722222222216,27.27455555555555,42.719166666666666,19.419444444444444,21.542999999999996,51.460722222222216,2
2017-11-19,80.24402777777777,74.14533333333333,51.844055555555556,71.69555555555556,32.03055555555556,11.568666666666665,80.24402777777777,2
2017-11-20,83.1198611111111,76.85533333333333,48.658888888888896,71.6523611111111,31.525,14.83161111111111,83.1198611111111,2
2017-11-21,83.3101388888889,82.39122222222221,48.44433333333334,56.131666666666675,28.916666666666664,18.349277777777775,83.3101388888889,2
2017-11-22,23.410158730158727,48.76766666666666,11.047222222222224,17.639444444444443,9.216666666666667,28.715722222222222,48.76766666666666,1
2017-11-23,19.2431746031746,49.94911111111111,14.752555555555555,19.594583333333333,10.458333333333332,27.09133333333334,49.94911111111111,1
2017-11-24,35.466031746031746,60.13227777777778,36.967888888888886,41.72,18.941666666666666,20.086055555555557,60.13227777777778,2
2017-11-25,54.68805555555555,70.77005555555556,50.333166666666656,41.94125,22.26666666666667,22.18927777777778,70.77005555555556,2
2017-11-26,50.49180555555555,62.78966666666666,25.959888888888887,50.95680555555556,17.072222222222223,17.45916666666667,62.78966666666666,2
2017-11-27,106.91458333333331,92.34844444444444,54.30577777777778,83.59597222222222,37.086111111111116,12.683888888888887,106.91458333333331,3
2017-11-28,82.34208333333332,82.93794444444444,35.05188888888889,54.74055555555556,23.938888888888886,20.111722222222223,82.93794444444444,2
2017-11-29,48.231111111111105,59.53388888888889,23.289333333333335,47.865833333333335,16.816666666666666,14.571555555555557,59.53388888888889,2
2017-11-30,61.10847222222222,72.62666666666667,50.02944444444445,58.654583333333335,26.083333333333332,12.933444444444444,72.62666666666667,2
2017-12-01,64.88486111111112,69.35788888888888,51.120444444444445,64.25680555555556,26.533333333333335,14.326666666666668,69.35788888888888,2
2017-12-02,100.67736111111111,88.68272222222222,66.61477777777779,75.60472222222221,38.375,13.303611111111108,100.67736111111111,2
2017-12-03,107.33402777777776,88.37916666666666,50.41588888888889,80.60652777777777,33.43888888888889,13.370055555555554,107.33402777777776,3
2017-12-04,37.59269841269842,49.92422222222223,28.358666666666668,35.813472222222224,16.42222222222222,20.694222222222223,49.92422222222223,1
2017-12-05,31.74603174603174,51.219166666666666,33.205,40.016666666666666,20.00833333333333,19.68088888888889,51.219166666666666,2
2017-12-06,61.04125,64.47233333333332,60.996,64.17902777777779,29.425,14.58772222222222,64.47233333333332,2
2017-12-07,51.132222222222225,56.32877777777777,40.117333333333335,42.25666666666666,20.019444444444446,18.511944444444442,56.32877777777777,2
2017-12-08,33.29269841269842,51.20288888888889,31.826111111111107,41.425694444444446,19.78333333333333,18.646,51.20288888888889,2
2017-12-09,71.37888888888888,74.34733333333332,61.44983333333333,67.10125000000001,31.363888888888887,13.93461111111111,74.34733333333332,2
2017-12-10,27.2868253968254,43.85322222222222,21.243000000000002,33.485,13.994444444444444,23.97266666666667,43.85322222222222,1
2017-12-11,62.71625,64.4651111111111,46.95155555555556,60.15180555555556,28.46666666666667,14.729999999999997,64.4651111111111,2
2017-12-12,62.216944444444444,62.545611111111114,27.66655555555555,56.2423611111111,26.525,11.797944444444445,62.545611111111114,2
2017-12-13,85.89763888888889,73.16083333333333,39.64277777777778,74.09958333333333,32.43888888888889,7.495222222222222,85.89763888888889,2
2017-12-14,142.21375,95.56916666666666,53.781111111111116,83.93138888888888,41.98055555555556,6.408333333333334,142.21375,3
2017-12-15,148.5570833333333,94.88227777777779,54.277,58.96597222222223,37.62777777777779,14.318055555555555,148.5570833333333,3
2017-12-16,16.786349206349207,28.06333333333333,11.18388888888889,17.669444444444444,9.822222222222223,26.908500000000004,28.06333333333333,1
2017-12-17,39.85603174603174,51.988888888888894,41.568555555555555,42.45666666666668,22.344444444444445,19.52572222222222,51.988888888888894,2
2017-12-18,41.19746031746032,52.19533333333334,41.48755555555555,45.80638888888888,22.05,18.498277777777783,52.19533333333334,2
2017-12-19,39.187619047619044,52.7915,36.83522222222222,44.21944444444445,20.458333333333336,17.934833333333334,52.7915,2
2017-12-20,39.19174603174604,51.51305555555555,34.47933333333333,46.54263888888889,19.51111111111111,18.737,51.51305555555555,2
2017-12-21,70.63902777777778,71.49016666666665,60.69788888888888,72.72277777777776,36.297222222222224,12.820611111111111,72.72277777777776,2
2017-12-22,113.93111111111111,95.28722222222223,71.66877777777776,95.32249999999999,49.347222222222214,8.19288888888889,113.93111111111111,3
2017-12-23,106.00958333333332,89.10272222222223,59.58122222222222,73.35694444444445,41.17499999999999,13.066166666666666,106.00958333333332,3
2017-12-24,32.15063492063492,56.69394444444444,17.438444444444443,23.91736111111111,12.669444444444444,27.91861111111111,56.69394444444444,2
2017-12-25,73.91222222222223,79.23855555555556,61.92911111111112,71.29888888888888,34.13611111111112,11.817833333333335,79.23855555555556,2
2017-12-26,119.82555555555555,98.38088888888888,62.44855555555556,87.44444444444446,45.083333333333336,8.957666666666666,119.82555555555555,3
2017-12-27,128.22958333333332,103.57116666666667,65.82366666666667,100.64122222222221,51.69722222222223,6.6593333333333335,128.22958333333332,3
2017-12-28,178.2825396825397,125.67311111111111,65.71338888888889,105.00494444444445,61.25277777777778,6.394000000000001,178.2825396825397,4
2017-12-29,174.365873015873,122.71655555555556,71.75816666666665,100.55538888888888,50.18611111111112,9.353222222222222,174.365873015873,4
2017-12-30,40.583650793650804,61.23244444444444,21.33855555555556,29.951805555555552,16.916666666666668,21.930333333333333,61.23244444444444,2
2017-12-31,52.87055555555555,69.17483333333334,51.03977777777777,57.82722222222222,27.908333333333335,13.919333333333332,69.17483333333334,2
2018-01-01,118.19763888888887,108.25777777777778,64.16477777777777,85.67708333333334,44.291666666666664,8.476111111111111,118.19763888888887,3
2018-01-02,125.82736111111112,101.13033333333333,52.048722222222224,84.72625,45.05833333333334,6.924111111111113,125.82736111111112,3
2018-01-03,98.72694444444443,81.05588888888889,38.12822222222222,61.438194444444434,36.800000000000004,10.269888888888888,98.72694444444443,2
2018-01-04,83.79194444444443,69.63266666666667,27.575333333333333,54.498749999999994,28.519444444444442,12.829555555555553,83.79194444444443,2
2018-01-05,120.07777777777777,84.56899999999999,46.43666666666667,59.37458333333335,37.78055555555555,12.288111111111112,120.07777777777777,3
2018-01-06,126.31750000000002,89.95494444444444,50.80855555555556,72.99319444444446,38.897222222222226,10.500722222222223,126.31750000000002,3
2018-01-07,111.06680555555556,76.81805555555556,42.638555555555556,55.69166666666665,34.38055555555555,15.903555555555556,111.06680555555556,3
2018-01-08,24.292380952380956,38.773555555555554,9.879777777777777,11.64027777777778,11.583333333333334,31.80472222222222,38.773555555555554,1
2018-01-09,21.818412698412704,36.919999999999995,13.576333333333332,17.40486111111111,12.791666666666668,29.959222222222223,36.919999999999995,1
2018-01-10,20.877142857142854,28.157666666666668,14.324777777777776,25.46333333333333,11.899999999999999,26.86388888888889,28.157666666666668,1
2018-01-11,43.19825396825398,52.52127777777777,34.70044444444445,50.84305555555555,20.872222222222227,17.223944444444445,52.52127777777777,2
2018-01-12,69.60180555555556,67.876,52.296499999999995,67.09333333333333,31.59444444444444,13.36311111111111,69.60180555555556,2
2018-01-13,94.62055555555557,81.75922222222223,60.473166666666664,77.8098611111111,42.46944444444445,11.844722222222222,94.62055555555557,2
2018-01-14,115.17125000000001,89.59827777777777,64.63633333333334,75.85833333333335,42.54166666666667,15.225499999999997,115.17125000000001,3
2018-01-15,174.8444444444444,122.67583333333333,64.41583333333334,101.14544444444445,60.30833333333333,6.775888888888889,174.8444444444444,4
2018-01-16,92.84666666666668,97.52422222222224,38.91766666666667,63.18652777777778,29.175,18.778277777777777,97.52422222222224,2
2018-01-17,89.41611111111114,90.28177777777778,51.548055555555564,63.714305555555555,33.647222222222226,17.64766666666667,90.28177777777778,2
2018-01-18,73.90166666666666,76.59227777777778,61.415611111111104,70.18916666666667,35.28333333333333,13.258888888888892,76.59227777777778,2
2018-01-19,74.34625,74.19311111111111,57.56472222222222,61.34291666666667,34.03611111111111,17.0415,74.34625,2
2018-01-20,90.83013888888891,82.36905555555555,58.50444444444445,84.13277777777778,39.27500000000001,12.296277777777778,90.83013888888891,2
2018-01-21,155.9815873015873,114.70622222222221,45.14333333333334,88.13083333333333,49.80277777777778,7.012166666666667,155.9815873015873,4
2018-01-22,117.95638888888888,90.95905555555555,18.14877777777778,60.03805555555555,36.16111111111111,11.079999999999998,117.95638888888888,3
2018-01-23,61.76875,56.792,23.44088888888889,38.263888888888886,21.330555555555556,18.06761111111111,61.76875,2
2018-01-24,68.59041666666667,62.733666666666664,40.94211111111111,54.16180555555556,24.755555555555556,16.419666666666668,68.59041666666667,2
2018-01-25,118.48194444444445,87.64216666666667,37.876666666666665,72.0163888888889,39.27500000000001,13.557722222222223,118.48194444444445,3
2018-01-26,112.61569444444446,82.4288888888889,28.60811111111111,68.31736111111113,36.16111111111111,12.783666666666669,112.61569444444446,3
2018-01-27,140.25194444444446,98.76794444444444,49.37444444444444,79.14694444444444,46.28055555555555,8.46111111111111,140.25194444444446,3
2018-01-28,82.43513888888889,75.65950000000001,31.184222222222214,44.361666666666665,28.427777777777774,22.43227777777778,82.43513888888889,2
2018-01-29,27.10380952380952,38.656777777777776,21.393444444444444,30.007222222222225,14.944444444444446,25.98527777777778,38.656777777777776,1
2018-01-30,41.31,50.71394444444444,43.40233333333334,46.788888888888884,20.66111111111111,21.107888888888894,50.71394444444444,1
2018-01-31,39.75920634920635,56.406166666666664,28.7721111111111,37.23986111111111,17.908333333333335,22.367555555555555,56.406166666666664,2
2018-02-01,51.78791666666666,64.57255555555557,45.085555555555544,44.9125,20.952777777777776,20.110666666666667,64.57255555555557,2
2018-02-02,21.129047619047622,35.34944444444445,14.527999999999999,18.620555555555555,11.783333333333333,28.46188888888889,35.34944444444445,1
2018-02-03,34.21984126984126,42.71355555555555,26.947777777777777,37.10055555555555,15.930555555555555,21.217166666666667,42.71355555555555,1
2018-02-04,39.36428571428572,49.4288888888889,36.660666666666664,45.11361111111111,19.299999999999997,20.301833333333335,49.4288888888889,1
2018-02-05,52.15680555555555,56.36355555555555,40.55755555555556,48.43444444444445,23.16111111111111,19.778166666666667,56.36355555555555,2
2018-02-06,67.5801388888889,67.59100000000001,50.135000000000005,59.75416666666667,30.533333333333335,16.547944444444443,67.59100000000001,2
2018-02-07,38.855396825396824,53.233777777777775,23.951222222222224,37.22555555555556,17.733333333333334,25.073833333333326,53.233777777777775,2
2018-02-08,68.66944444444445,74.33216666666667,61.021388888888886,68.80125,33.55833333333333,15.471944444444446,74.33216666666667,2
2018-02-09,83.44430555555557,126.5165,33.891777777777776,35.510416666666664,21.70277777777778,25.574777777777783,126.5165,3
2018-02-10,28.327936507936506,61.622499999999995,11.758111111111113,16.812361111111112,13.216666666666665,29.996666666666666,61.622499999999995,2
2018-02-11,18.45920634920635,51.38205555555555,9.049111111111111,10.813194444444445,10.686111111111112,32.17122222222222,51.38205555555555,2
2018-02-12,18.14936507936508,32.36577777777777,11.351999999999999,11.7275,11.949999999999998,33.311055555555555,33.311055555555555,1
2018-02-13,45.946507936507935,51.92594444444444,52.415222222222226,32.94375,22.394444444444446,29.578611111111112,52.415222222222226,2
2018-02-14,74.35930555555555,68.81311111111111,47.80322222222222,43.02180555555555,30.54166666666666,26.6225,74.35930555555555,2
2018-02-15,85.16111111111113,73.25977777777777,50.59272222222222,43.48902777777778,34.79166666666667,28.127888888888894,85.16111111111113,2
2018-02-16,140.92402777777778,95.09872222222222,59.64661111111111,49.053472222222226,40.15277777777778,30.424888888888887,140.92402777777778,3
2018-02-17,164.36619047619047,102.9593888888889,60.42461111111111,71.50125,48.45277777777778,22.09083333333333,164.36619047619047,4
2018-02-18,157.51999999999998,98.98022222222224,61.346888888888884,58.35902777777778,45.11666666666667,25.73077777777778,157.51999999999998,4
2018-02-19,212.3591111111111,133.40516666666667,58.093722222222226,66.05722222222222,57.172222222222224,34.281888888888886,212.3591111111111,5
2018-02-20,224.7731111111111,132.93372222222223,33.95488888888889,47.149583333333325,60.68888888888889,34.842277777777774,224.7731111111111,5
2018-02-21,85.0748611111111,68.84727777777778,28.234444444444442,31.11041666666667,29.144444444444446,31.881888888888895,85.0748611111111,2
2018-02-22,31.664126984126987,48.42377777777778,31.88466666666666,27.01333333333333,17.427777777777777,30.53916666666666,48.42377777777778,1
2018-02-23,66.45597222222221,72.14005555555556,44.338888888888874,46.38986111111112,28.61944444444444,29.730722222222226,72.14005555555556,2
2018-02-24,71.84638888888888,73.566,17.926888888888886,29.759305555555557,25.511111111111113,35.204,73.566,2
2018-02-25,84.17694444444443,78.70244444444444,52.30933333333333,63.900555555555556,35.672222222222224,24.959999999999994,84.17694444444443,2
2018-02-26,85.29458333333334,77.96216666666666,50.730888888888884,66.19055555555556,35.06666666666667,23.833611111111114,85.29458333333334,2
2018-02-27,191.4453968253968,126.56333333333333,30.692333333333337,73.79763888888888,47.38333333333333,21.635277777777777,191.4453968253968,4
2018-02-28,179.34349206349205,126.42461111111112,32.330444444444446,51.18236111111112,40.59166666666667,23.064333333333334,179.34349206349205,4
2018-03-01,55.14180555555556,66.95411111111112,20.432222222222222,36.78041666666667,22.144444444444446,30.961555555555552,66.95411111111112,2
2018-03-02,87.61041666666668,85.33994444444446,48.800555555555555,57.18472222222222,32.61944444444445,28.772944444444448,87.61041666666668,2
2018-03-03,132.29500000000002,98.27261111111112,41.31322222222222,62.024583333333325,37.269444444444446,30.464944444444445,132.29500000000002,3
2018-03-04,153.8631746031746,118.82188888888886,16.858666666666668,45.70402777777777,35.03333333333333,23.86894444444444,153.8631746031746,4
2018-03-05,86.28194444444445,78.63861111111112,21.53155555555556,45.23513888888888,26.54722222222222,15.452222222222224,86.28194444444445,2
2018-03-06,103.64819444444443,90.67211111111111,26.705222222222222,55.24805555555555,39.87777777777779,19.315722222222224,103.64819444444443,3
2018-03-07,83.00999999999999,73.12766666666667,29.911888888888893,38.48236111111111,22.877777777777773,26.56416666666667,83.00999999999999,2
2018-03-08,88.025,77.34861111111113,17.550444444444448,45.5761111111111,27.177777777777777,27.62472222222222,88.025,2
2018-03-09,90.58680555555556,85.77294444444445,44.2381111111111,65.245,31.516666666666666,25.17305555555556,90.58680555555556,2
2018-03-10,133.5908333333333,117.60722222222223,37.02144444444445,62.010000000000005,37.01666666666667,34.97438888888889,133.5908333333333,3
2018-03-11,189.57507936507938,134.51366666666667,30.712888888888887,73.71055555555554,39.730555555555554,34.357388888888885,189.57507936507938,4
2018-03-12,128.30027777777778,97.2191111111111,37.18677777777777,57.44055555555555,33.63333333333333,36.67761111111111,128.30027777777778,3
2018-03-13,129.97555555555556,103.16550000000001,40.987444444444435,73.24277777777777,36.6,37.304333333333325,129.97555555555556,3
2018-03-14,130.52152777777778,104.71711111111112,34.632333333333335,73.26805555555555,35.40277777777778,39.80211111111111,130.52152777777778,3
2018-03-15,116.17847222222223,121.83711111111113,12.742111111111113,43.13083333333334,31.550000000000004,33.88388888888889,121.83711111111113,3
2018-03-16,45.48603174603175,55.483222222222224,9.228222222222222,27.607500000000005,17.491666666666664,34.10205555555555,55.483222222222224,2
2018-03-17,77.52666666666667,62.984500000000004,11.87077777777778,43.89013888888889,24.725,25.864055555555556,77.52666666666667,2
2018-03-18,116.7784722222222,76.33116666666666,15.351666666666665,61.61305555555555,30.986111111111107,20.22272222222222,116.7784722222222,3
2018-03-19,90.39194444444446,73.45916666666668,15.300999999999998,47.13472222222222,26.380555555555556,38.82438888888888,90.39194444444446,2
2018-03-20,80.70652777777778,66.11077777777777,14.902000000000001,39.13041666666667,23.474999999999998,43.8715,80.70652777777778,2
2018-03-21,80.17958333333334,73.54488888888889,22.290666666666667,55.585972222222225,26.308333333333334,32.300777777777775,80.17958333333334,2
2018-03-22,73.22125,70.14416666666668,28.689222222222224,47.01861111111111,22.561111111111114,27.76866666666667,73.22125,2
2018-03-23,59.252916666666664,62.047888888888885,24.965333333333334,46.556666666666665,18.819444444444446,29.107888888888894,62.047888888888885,2
2018-03-24,51.8375,53.880111111111106,16.29411111111111,42.403055555555554,18.211111111111112,30.212,53.880111111111106,2
2018-03-25,68.75486111111111,71.3678888888889,30.163,68.42416666666668,23.50277777777778,35.57955555555556,71.3678888888889,2
2018-03-26,83.41,80.21233333333333,38.63333333333333,69.98013888888889,26.211111111111112,32.50694444444445,83.41,2
2018-03-27,74.03055555555557,95.28027777777777,34.36188888888889,51.359722222222224,21.85,30.849055555555555,95.28027777777777,2
2018-03-28,115.81958333333333,194.49933333333334,34.00711111111111,50.45458333333333,24.941666666666666,35.31666666666666,194.49933333333334,4
2018-03-29,56.60444444444445,118.22183333333332,12.459444444444443,33.50930555555555,19.55,41.652944444444444,118.22183333333332,3
2018-03-30,52.62583333333333,72.84627777777777,22.142444444444447,48.50680555555556,21.24722222222222,39.53061111111111,72.84627777777777,2
2018-03-31,75.66555555555556,86.27033333333333,31.96633333333334,51.19361111111111,22.091666666666665,35.02761111111112,86.27033333333333,2
2018-04-01,55.20180555555556,81.124,19.207,47.765,18.000000000000004,37.22761111111111,81.124,2
2018-04-02,78.57333333333334,110.68861111111111,40.08444444444445,59.43124999999999,24.863888888888887,38.395888888888884,110.68861111111111,3
2018-04-03,65.82013888888889,119.84022222222222,15.323666666666663,37.53611111111111,21.230555555555554,35.62283333333334,119.84022222222222,3
2018-04-04,42.37936507936508,56.1978888888889,8.023444444444445,32.72902777777778,17.736111111111107,26.168055555555558,56.1978888888889,2
2018-04-05,69.55694444444444,63.56188888888889,10.692,22.697916666666664,13.736111111111112,30.85572222222222,69.55694444444444,2
2018-04-06,17.31968253968254,51.6555,5.185,9.058888888888887,6.272222222222222,43.05105555555556,51.6555,2
2018-04-07,22.113650793650795,38.769444444444446,15.797666666666666,22.56055555555556,8.597222222222223,38.49805555555556,38.769444444444446,1
2018-04-08,59.57527777777778,69.38638888888889,34.95666666666666,41.78597222222223,14.08888888888889,33.59594444444445,69.38638888888889,2
2018-04-09,86.92430555555555,92.2945,31.782999999999998,66.03708333333334,21.702777777777783,30.742611111111113,92.2945,2
2018-04-10,145.1327777777778,166.1503888888889,11.03466666666667,32.42930555555555,10.058333333333332,34.04955555555556,166.1503888888889,4
2018-04-11,39.39920634920635,61.47994444444444,17.387444444444444,45.20277777777777,11.79722222222222,29.518611111111113,61.47994444444444,2
2018-04-12,78.05180555555555,102.54916666666668,25.915333333333333,60.59430555555555,18.627777777777776,39.277499999999996,102.54916666666668,3
2018-04-13,42.789047619047615,50.50961111111111,7.657333333333334,26.864861111111104,15.994444444444444,36.696333333333335,50.50961111111111,1
2018-04-14,56.647638888888885,72.05133333333333,5.712888888888887,18.18263888888889,6.875000000000001,35.774277777777776,72.05133333333333,2
2018-04-15,32.52507936507937,52.85988888888889,12.90333333333333,43.079027777777775,11.049999999999999,31.035777777777774,52.85988888888889,2
2018-04-16,56.92374999999999,76.19033333333334,22.35244444444445,50.84180555555556,17.25,37.54694444444445,76.19033333333334,2
2018-04-17,74.27208333333333,92.75022222222223,25.798222222222222,54.931527777777774,21.938888888888886,41.89311111111112,92.75022222222223,2
2018-04-18,75.85388888888889,89.6748888888889,24.325444444444447,52.78611111111111,21.96944444444444,41.338888888888874,89.6748888888889,2
2018-04-19,139.49972222222223,127.98983333333332,21.591555555555555,55.29291666666666,27.505555555555556,43.54533333333334,139.49972222222223,3
2018-04-20,106.51958333333333,98.23816666666666,17.546444444444443,35.665277777777774,24.427777777777777,65.03648148148147,106.51958333333333,3
2018-04-21,76.43027777777777,66.21505555555555,12.103777777777777,41.27791666666667,26.811111111111114,28.155222222222218,76.43027777777777,2
2018-04-22,30.61111111111111,29.834444444444443,6.100777777777778,20.087083333333332,15.355555555555553,36.807500000000005,36.807500000000005,1
2018-04-23,40.03793650793651,44.607,9.561777777777777,28.62625,14.633333333333335,38.19683333333334,44.607,1
2018-04-24,52.069722222222225,54.43249999999999,10.32311111111111,31.17722222222222,14.505555555555558,42.56755555555556,54.43249999999999,2
2018-04-25,81.99263888888889,78.4238888888889,25.58077777777778,59.33916666666668,22.424999999999997,26.917999999999996,81.99263888888889,2
2018-04-26,68.32458333333332,67.72638888888889,16.637555555555554,49.925694444444446,14.722222222222223,31.372277777777775,68.32458333333332,2
2018-04-27,98.01361111111112,95.96638888888889,18.61888888888889,60.20027777777778,21.208333333333332,48.17261111111111,98.01361111111112,2
2018-04-28,95.15833333333333,89.2983888888889,22.611555555555555,49.827083333333334,21.258333333333333,55.46907407407408,95.15833333333333,2
2018-04-29,57.545416666666675,70.93588888888888,28.650111111111116,40.55833333333333,18.06388888888889,53.714444444444446,70.93588888888888,2
2018-04-30,75.40777777777777,87.07116666666667,14.339333333333332,42.54055555555556,18.74444444444444,49.5566111111111,87.07116666666667,2
2018-05-01,73.7448611111111,79.93827777777777,9.167777777777777,35.83847222222222,15.755555555555556,36.77044444444444,79.93827777777777,2
2018-05-02,20.725396825396825,26.376888888888885,5.746222222222222,20.300694444444446,6.83888888888889,37.806000000000004,37.806000000000004,1
2018-05-03,32.55238095238094,52.14311111111111,15.559555555555557,40.37486111111111,10.291666666666666,35.87305555555556,52.14311111111111,2
2018-05-04,54.86138888888888,71.32922222222223,24.622111111111106,48.070277777777775,19.438888888888886,47.907944444444446,71.32922222222223,2
2018-05-05,90.53486111111113,103.50083333333333,18.051555555555552,39.1,19.53611111111111,42.210944444444436,103.50083333333333,3
2018-05-06,80.7511111111111,111.83105555555557,14.97811111111111,40.34916666666667,15.061111111111112,41.958888888888886,111.83105555555557,3
2018-05-07,74.19569444444444,89.02261111111112,33.44577777777778,43.38305555555555,23.16111111111111,52.87277777777778,89.02261111111112,2
2018-05-08,71.04291666666668,79.24527777777777,17.563111111111112,47.240694444444436,18.136111111111113,59.73601851851852,79.24527777777777,2
2018-05-09,64.42972222222221,75.27694444444445,21.936555555555557,47.90305555555556,18.98611111111111,70.71722222222222,75.27694444444445,2
2018-05-10,68.20374999999999,75.87516666666667,21.653444444444446,40.31527777777778,18.211111111111112,85.63074074074073,85.63074074074073,2
2018-05-11,77.75694444444444,70.24566666666666,19.764555555555557,29.704583333333336,21.636111111111113,49.897111111111116,77.75694444444444,2
2018-05-12,73.88944444444445,70.64827777777779,17.509555555555554,35.84027777777777,16.397222222222222,35.64311111111112,73.88944444444445,2
2018-05-13,74.91958333333332,86.75255555555555,18.671111111111113,41.195555555555565,16.108333333333334,46.93911111111112,86.75255555555555,2
2018-05-14,80.81263888888888,92.29677777777778,20.295666666666666,39.03916666666666,23.16111111111111,69.24064814814814,92.29677777777778,2
2018-05-15,108.76541666666667,93.91966666666664,20.322222222222223,33.20597222222222,29.55833333333333,52.81509259259258,108.76541666666667,3
2018-05-16,111.91166666666666,85.85499999999999,13.003777777777776,22.71472222222222,25.561111111111114,68.28472222222221,111.91166666666666,3
2018-05-17,75.16944444444445,67.23483333333334,9.108777777777776,25.15166666666667,22.994444444444444,43.48333333333334,75.16944444444445,2
2018-05-18,66.73555555555555,67.99661111111112,11.010666666666669,31.070833333333333,17.94444444444444,47.37788888888888,67.99661111111112,2
2018-05-19,62.68027777777778,60.991611111111105,10.751111111111108,28.200416666666666,15.869444444444444,55.8375,62.68027777777778,2
2018-05-20,49.59269841269841,43.422555555555554,6.917222222222222,22.63888888888889,14.311111111111114,55.839444444444446,55.839444444444446,2
2018-05-21,40.874920634920635,42.08233333333334,6.845777777777779,25.408333333333335,20.383333333333333,41.806111111111115,42.08233333333334,1
2018-05-22,65.83958333333332,70.08077777777777,5.894555555555555,20.140555555555558,7.544444444444445,39.50361111111111,70.08077777777777,2
2018-05-23,53.37569444444444,69.33611111111111,17.23622222222222,39.21847222222222,12.097222222222221,42.16166666666667,69.33611111111111,2
2018-05-24,55.46194444444445,69.39611111111111,22.83888888888889,46.44152777777778,17.450000000000003,62.846666666666664,69.39611111111111,2
2018-05-25,71.21208333333333,79.44705555555555,19.86311111111111,56.78944444444444,23.54722222222222,75.55675925925925,79.44705555555555,2
2018-05-26,102.94194444444443,101.22188888888888,12.505999999999998,43.68833333333334,11.780555555555557,33.00466666666666,102.94194444444443,3
2018-05-27,59.61722222222222,70.8745,10.406666666666665,26.952083333333338,7.711111111111111,41.281666666666666,70.8745,2
2018-05-28,52.710138888888885,68.24483333333333,19.475000000000005,30.520694444444445,10.825,48.347388888888894,68.24483333333333,2
2018-05-29,38.55,61.034333333333336,10.783555555555553,33.464444444444446,9.477777777777778,54.006851851851856,61.034333333333336,2
2018-05-30,29.358253968253972,48.297444444444444,11.75911111111111,40.846944444444446,9.22777777777778,45.4335,48.297444444444444,1
2018-05-31,29.83873015873016,47.846222222222224,12.412555555555556,40.526805555555555,10.627777777777776,52.58166666666666,52.58166666666666,2
2018-06-01,43.76825396825397,58.809888888888885,17.15722222222222,45.86291666666666,17.02777777777778,79.57370370370373,79.57370370370373,2
2018-06-02,70.59722222222223,80.22966666666667,28.535333333333337,56.795833333333334,22.14166666666667,87.19888888888889,87.19888888888889,2
2018-06-03,57.730138888888895,72.0321111111111,18.26688888888889,42.69902777777777,12.630555555555556,46.56338888888887,72.0321111111111,2
2018-06-04,37.68079365079365,60.2365,11.371333333333334,32.798611111111114,9.308333333333334,42.648999999999994,60.2365,2
2018-06-05,41.32380952380952,65.99755555555555,23.519666666666666,42.53972222222222,14.122222222222222,52.30805555555557,65.99755555555555,2
2018-06-06,55.02083333333334,69.3771111111111,23.700777777777784,41.84722222222223,14.958333333333332,56.73935185185185,69.3771111111111,2
2018-06-07,35.95793650793651,53.51194444444444,8.981777777777777,27.92444444444444,8.394444444444444,49.57172222222223,53.51194444444444,2
2018-06-08,33.57492063492063,50.58405555555555,8.879444444444445,36.34569444444445,10.519444444444444,34.461222222222226,50.58405555555555,1
2018-06-09,23.67380952380952,24.97977777777778,4.775666666666667,18.70375,9.552777777777777,40.26105555555555,40.26105555555555,1
2018-06-10,39.06984126984128,46.87777777777778,13.363333333333335,34.20152777777778,16.305555555555554,42.54494444444445,46.87777777777778,1
2018-06-11,55.97944444444445,65.13566666666668,18.260666666666665,41.09319444444444,22.291666666666664,48.505055555555565,65.13566666666668,2
2018-06-12,42.25873015873015,57.14922222222223,14.12888888888889,38.1501388888889,16.758333333333333,54.245555555555555,57.14922222222223,2
2018-06-13,36.516349206349204,53.391222222222225,9.99388888888889,31.810833333333335,14.002777777777778,45.522999999999996,53.391222222222225,2
2018-06-14,46.449523809523804,58.97694444444445,10.713666666666668,32.32125,15.580555555555556,50.5175,58.97694444444445,2
2018-06-15,67.53722222222223,71.85300000000001,19.80188888888889,42.10805555555556,27.616666666666667,86.77527777777776,86.77527777777776,2
2018-06-16,79.61833333333334,73.09583333333333,15.327555555555556,34.17333333333333,26.73333333333333,88.69203703703701,88.69203703703701,2
2018-06-17,74.3438888888889,58.76722222222222,28.555999999999997,24.37638888888889,14.791666666666666,45.29583333333333,74.3438888888889,2
2018-06-18,69.09125,66.4645,14.458777777777778,27.878611111111116,23.72222222222222,57.643055555555556,69.09125,2
2018-06-19,41.819047619047616,50.325277777777785,8.31388888888889,23.394027777777772,13.613888888888889,60.33296296296296,60.33296296296296,2
2018-06-20,54.58833333333334,58.93994444444444,11.0,35.30347222222222,16.647222222222226,56.98324074074074,58.93994444444444,2
2018-06-21,61.36361111111111,64.26388888888889,13.604444444444447,38.600555555555545,20.544444444444444,37.42405555555556,64.26388888888889,2
2018-06-22,54.970555555555556,57.27561111111111,14.088444444444441,31.481527777777778,15.87222222222222,58.29749999999999,58.29749999999999,2
2018-06-23,57.495555555555555,62.97844444444445,16.969333333333335,38.371249999999996,18.011111111111113,76.16574074074073,76.16574074074073,2
2018-06-24,63.420555555555566,71.07777777777777,18.287333333333333,41.72611111111111,22.93333333333333,89.80490740740741,89.80490740740741,2
2018-06-25,69.60944444444445,68.03316666666666,18.266222222222222,36.36555555555555,24.78611111111111,59.15638888888889,69.60944444444445,2
2018-06-26,83.33277777777778,71.65372222222223,13.03588888888889,25.146944444444443,23.716666666666665,64.06212962962962,83.33277777777778,2
2018-06-27,58.975138888888885,59.846444444444444,14.048777777777778,30.830277777777773,15.438888888888888,49.1233888888889,59.846444444444444,2
2018-06-28,19.67079365079365,34.59855555555555,7.212111111111111,27.808888888888884,7.575,38.58211111111111,38.58211111111111,1
2018-06-29,29.885714285714286,51.744777777777784,14.70711111111111,36.235277777777775,12.516666666666667,45.28716666666665,51.744777777777784,2
2018-06-30,42.70777777777778,56.934,13.840777777777781,38.84722222222222,19.852777777777778,55.10222222222222,56.934,2
2018-07-01,49.15920634920634,56.69511111111112,13.684333333333335,31.826388888888886,17.922222222222224,75.23194444444445,75.23194444444445,2
2018-07-02,65.18486111111112,64.00183333333334,14.238666666666667,35.573750000000004,18.81111111111111,91.39518518518517,91.39518518518517,2
2018-07-03,102.43930555555556,78.43261111111113,18.059444444444445,25.955694444444447,24.841666666666665,93.56462962962962,102.43930555555556,3
2018-07-04,86.77055555555555,71.91344444444445,21.791,28.012777777777785,26.97222222222222,81.51648148148148,86.77055555555555,2
2018-07-05,60.52791666666667,61.70194444444445,16.76,31.679166666666667,18.641666666666666,81.73138888888889,81.73138888888889,2
2018-07-06,68.85569444444445,70.68566666666666,11.321333333333335,25.92763888888889,20.811111111111114,110.1330303030303,110.1330303030303,3
2018-07-07,92.43819444444443,78.56972222222223,16.018666666666665,37.68958333333333,25.38611111111111,60.89657407407407,92.43819444444443,2
2018-07-08,73.71944444444445,59.95216666666667,9.377999999999998,20.128055555555555,22.38611111111111,60.81981481481481,73.71944444444445,2
2018-07-09,33.9284126984127,32.53955555555555,7.095666666666667,17.653194444444445,11.186111111111112,43.90672222222222,43.90672222222222,1
2018-07-10,35.733650793650796,36.982,7.902333333333334,23.162222222222226,14.683333333333334,35.732055555555554,36.982,1
2018-07-11,40.62412698412698,44.24588888888889,5.71488888888889,29.27666666666667,21.258333333333333,24.22277777777778,44.24588888888889,1
2018-07-12,47.971587301587306,48.51266666666666,9.914444444444444,34.10388888888889,30.19444444444444,30.162500000000005,48.51266666666666,1
2018-07-13,69.68305555555555,59.46238888888889,9.278888888888888,28.85527777777778,21.73611111111111,36.44238888888889,69.68305555555555,2
2018-07-14,59.24333333333333,54.67855555555556,8.992333333333333,24.281666666666663,19.36388888888889,45.81116666666666,59.24333333333333,2
2018-07-15,69.52680555555555,63.70461111111111,10.144333333333334,25.23375,25.261111111111113,44.69,69.52680555555555,2
2018-07-16,53.18277777777777,52.92544444444445,8.818555555555555,26.43402777777778,23.733333333333338,25.33666666666666,53.18277777777777,2
2018-07-17,36.73555555555556,39.83288888888889,8.329555555555556,18.90222222222222,19.71111111111111,36.36694444444445,39.83288888888889,1
2018-07-18,78.76541666666665,63.39855555555556,7.149555555555555,16.856388888888887,23.463888888888892,46.40716666666666,78.76541666666665,2
2018-07-19,77.60055555555556,62.46355555555556,7.049555555555558,17.824027777777776,24.37777777777778,51.2574074074074,77.60055555555556,2
2018-07-20,56.481111111111105,55.292888888888896,9.772,18.400972222222222,19.03611111111111,60.49814814814815,60.49814814814815,2
2018-07-21,60.785833333333336,57.56438888888889,11.225888888888889,19.466250000000002,19.966666666666665,72.47064814814814,72.47064814814814,2
2018-07-22,63.14930555555556,59.262,8.09988888888889,24.68777777777778,20.227777777777778,54.48083333333333,63.14930555555556,2
2018-07-23,65.10138888888889,60.42011111111111,8.490777777777778,26.17930555555555,19.444444444444446,55.01740740740742,65.10138888888889,2
2018-07-24,50.735277777777775,54.48316666666666,8.089222222222224,17.777222222222225,15.508333333333335,52.03981481481481,54.48316666666666,2
2018-07-25,24.165396825396822,33.67411111111111,8.523333333333333,17.098055555555558,10.652777777777779,59.62361111111111,59.62361111111111,2
2018-07-26,44.971269841269844,55.68844444444444,13.674666666666667,32.01083333333333,16.933333333333334,55.63379629629628,55.68844444444444,2
2018-07-27,59.479861111111106,58.69705555555555,6.676222222222223,20.083055555555557,20.80833333333333,60.94629629629628,60.94629629629628,2
2018-07-28,66.10319444444445,59.456944444444446,7.471333333333335,16.89,19.905555555555555,75.62398148148148,75.62398148148148,2
2018-07-29,69.94694444444444,61.34161111111111,8.203666666666667,22.05152777777778,19.86388888888889,64.5876851851852,69.94694444444444,2
2018-07-30,70.24361111111112,61.59116666666667,8.844,22.924305555555556,21.766666666666666,51.49351851851852,70.24361111111112,2
2018-07-31,68.53694444444443,61.85638888888888,7.965888888888888,20.370138888888885,18.82222222222222,49.92444444444445,68.53694444444443,2
2018-08-01,65.89874999999999,61.87005555555555,13.264555555555555,21.737361111111113,18.627777777777776,51.88425925925927,65.89874999999999,2
2018-08-02,68.54541666666665,63.57933333333333,8.87088888888889,20.27791666666667,17.227777777777774,60.54944444444445,68.54541666666665,2
2018-08-03,76.3463888888889,67.06422222222223,10.811444444444446,24.558750000000003,19.26388888888889,67.87574074074074,76.3463888888889,2
2018-08-04,76.01958333333333,69.43327777777779,11.362111111111112,30.064861111111117,19.591666666666665,69.65092592592592,76.01958333333333,2
2018-08-05,69.63486111111112,63.94777777777778,10.538999999999998,32.257916666666674,18.663888888888888,42.41122222222222,69.63486111111112,2
2018-08-06,57.27611111111112,56.60011111111112,10.543555555555553,21.957916666666666,20.23611111111111,40.359611111111114,57.27611111111112,2
2018-08-07,71.1311111111111,62.345222222222226,10.269666666666668,26.11930555555556,27.12222222222222,44.48411111111111,71.1311111111111,2
2018-08-08,70.94916666666666,62.07150000000001,14.155444444444447,26.650138888888886,25.49444444444444,41.5105,70.94916666666666,2
2018-08-09,40.329523809523806,42.72311111111112,11.22,25.979166666666668,21.22222222222222,36.58138888888889,42.72311111111112,1
2018-08-10,34.2447619047619,47.154222222222224,14.091666666666667,30.864444444444445,19.791666666666664,38.983777777777775,47.154222222222224,1
2018-08-11,57.113055555555555,57.15638888888889,12.689555555555557,27.103888888888882,22.519444444444446,44.39811111111111,57.15638888888889,2
2018-08-12,67.54763888888888,64.59672222222221,13.669111111111112,24.017777777777777,24.202777777777783,45.653555555555556,67.54763888888888,2
2018-08-13,61.49597222222223,58.37222222222222,10.757999999999997,25.04,24.833333333333332,41.25783333333333,61.49597222222223,2
2018-08-14,62.23791666666667,56.76511111111111,8.420555555555556,23.154861111111114,17.96111111111111,48.58238888888889,62.23791666666667,2
2018-08-15,39.78888888888889,45.66666666666666,9.127222222222223,22.604166666666668,14.036111111111113,39.958888888888886,45.66666666666666,1
2018-08-16,29.82714285714286,36.322,6.43411111111111,16.78013888888889,10.741666666666665,40.04105555555556,40.04105555555556,1
2018-08-17,30.969841269841268,42.26277777777777,9.741,24.824027777777772,12.833333333333332,42.05788888888889,42.26277777777777,1
2018-08-18,53.75944444444444,58.63516666666667,10.198111111111112,29.83625,18.944444444444443,59.68074074074073,59.68074074074073,2
2018-08-19,30.548253968253967,32.90244444444444,5.263777777777778,19.30375,15.369444444444444,35.39177777777777,35.39177777777777,1
2018-08-20,27.759999999999998,35.30777777777777,9.085444444444443,26.706944444444446,12.916666666666668,29.102388888888886,35.30777777777777,1
2018-08-21,27.875238095238092,43.91811111111111,9.811666666666667,32.02597222222222,11.799999999999999,38.482166666666664,43.91811111111111,1
2018-08-22,30.393174603174604,32.65211111111111,8.844777777777779,34.822500000000005,13.98611111111111,29.303722222222223,34.822500000000005,1
2018-08-23,30.089206349206343,35.64666666666667,8.645333333333333,31.272777777777776,13.941666666666666,32.74211111111111,35.64666666666667,1
2018-08-24,36.733809523809526,51.86805555555556,12.222888888888887,36.022638888888885,20.069444444444443,38.297777777777775,51.86805555555556,2
2018-08-25,62.48736111111111,65.501,14.749222222222222,32.733888888888885,27.897222222222222,47.82094444444444,65.501,2
2018-08-26,90.60402777777776,77.48144444444443,13.354444444444447,27.899166666666666,31.84722222222222,75.24833333333333,90.60402777777776,2
2018-08-27,112.04875,84.11683333333335,11.454666666666666,20.429583333333333,30.40833333333333,87.11287037037036,112.04875,3
2018-08-28,71.65222222222222,68.43533333333335,14.072333333333333,25.77986111111111,22.536111111111108,87.0487962962963,87.0487962962963,2
2018-08-29,64.675,62.67794444444444,10.104888888888889,19.57208333333333,18.71666666666667,78.86564814814811,78.86564814814811,2
2018-08-30,44.44206349206349,49.94744444444444,7.102222222222223,24.055277777777775,17.397222222222222,46.12477777777777,49.94744444444444,1
2018-08-31,28.84841269841269,30.683333333333334,5.552111111111112,24.36805555555556,17.061111111111114,27.882722222222224,30.683333333333334,1
2018-09-01,32.44079365079365,37.180666666666674,7.5171111111111095,22.7,17.913888888888888,32.91733333333334,37.180666666666674,1
2018-09-02,41.770317460317465,41.374222222222215,8.376,20.363055555555558,18.91111111111111,35.583666666666666,41.770317460317465,1
2018-09-03,27.49095238095238,39.419,9.174222222222225,21.66,7.711111111111111,34.83372222222222,39.419,1
2018-09-04,15.824761904761905,25.441222222222223,9.06311111111111,29.37958333333333,8.105555555555554,28.176777777777776,29.37958333333333,1
2018-09-05,24.07111111111111,42.12144444444445,13.663444444444444,34.08430555555556,12.797222222222224,32.54705555555556,42.12144444444445,1
2018-09-06,32.54571428571428,49.371999999999986,8.417,14.36041666666667,8.380555555555556,32.398777777777774,49.371999999999986,1
2018-09-07,13.254444444444443,18.727555555555554,6.577000000000001,18.300277777777776,6.41388888888889,27.85338888888889,27.85338888888889,1
2018-09-08,20.24015873015873,31.304888888888897,9.273000000000001,32.08291666666666,9.541666666666666,28.23761111111111,32.08291666666666,1
2018-09-09,37.41793650793651,52.022555555555556,17.136,42.46027777777778,15.394444444444444,34.337555555555554,52.022555555555556,2
2018-09-10,61.70319444444444,63.17777777777778,18.805000000000003,45.63027777777778,24.150000000000002,32.98855555555556,63.17777777777778,2
2018-09-11,58.00791666666666,59.093111111111114,15.290333333333335,31.183611111111112,18.455555555555556,43.35722222222222,59.093111111111114,2
2018-09-12,53.50680555555555,53.86244444444445,16.085444444444445,26.65097222222222,17.152777777777782,40.12705555555555,53.86244444444445,2
2018-09-13,46.41730158730158,53.40994444444445,11.544666666666666,40.18333333333334,20.98333333333333,23.63666666666667,53.40994444444445,2
2018-09-14,62.66805555555556,61.01611111111111,15.084222222222225,36.04472222222222,22.68611111111111,24.882277777777777,62.66805555555556,2
2018-09-15,53.905,55.510999999999996,11.527000000000001,32.98347222222222,16.650000000000002,19.820000000000004,55.510999999999996,2
2018-09-16,48.56920634920635,51.632333333333335,11.836888888888888,36.671527777777776,15.169444444444444,19.50422222222222,51.632333333333335,2
2018-09-17,44.48,53.63733333333333,14.315222222222223,41.846944444444446,17.13611111111111,15.956222222222223,53.63733333333333,2
2018-09-18,41.59269841269842,42.00844444444444,11.812666666666667,38.3975,17.59722222222222,17.111555555555555,42.00844444444444,1
2018-09-19,36.088095238095235,33.87688888888889,8.571444444444445,32.410694444444445,15.080555555555556,20.25822222222222,36.088095238095235,1
2018-09-20,44.64555555555555,51.02327777777778,8.422222222222222,31.834722222222222,15.575,19.924777777777777,51.02327777777778,2
2018-09-21,41.24285714285715,54.757111111111115,8.568111111111111,28.494861111111117,11.411111111111111,25.84177777777778,54.757111111111115,2
2018-09-22,23.91444444444444,39.02222222222222,9.766222222222224,30.89513888888889,8.355555555555556,23.659666666666663,39.02222222222222,1
2018-09-23,23.31492063492064,37.489000000000004,11.50211111111111,30.642083333333336,9.200000000000001,22.98588888888889,37.489000000000004,1
2018-09-24,30.250317460317454,47.69144444444444,13.96822222222222,33.485416666666666,13.51388888888889,26.468388888888896,47.69144444444444,1
2018-09-25,43.10126984126983,51.08283333333334,14.440555555555555,40.858333333333334,17.941666666666666,22.49299999999999,51.08283333333334,2
2018-09-26,40.397777777777776,45.00077777777778,12.872777777777777,38.344583333333325,16.980555555555554,24.67205555555556,45.00077777777778,1
2018-09-27,60.68819444444444,61.73083333333333,15.790777777777775,36.768055555555556,25.249999999999993,20.860611111111112,61.73083333333333,2
2018-09-28,36.81238095238095,51.332722222222216,11.198777777777778,27.345416666666672,12.647222222222224,24.468333333333334,51.332722222222216,2
2018-09-29,33.07111111111111,51.95488888888889,14.001222222222223,31.071111111111104,12.341666666666667,24.9905,51.95488888888889,2
2018-09-30,15.857777777777775,26.712666666666667,7.986444444444444,20.439861111111114,7.7138888888888895,26.116055555555548,26.712666666666667,1
2018-10-01,17.32857142857143,24.573444444444448,7.723222222222223,19.897361111111113,7.8916666666666675,31.16822222222222,31.16822222222222,1
2018-10-02,27.140476190476193,42.05299999999999,13.346000000000002,37.46652777777778,11.441666666666666,25.189333333333334,42.05299999999999,1
2018-10-03,37.62619047619048,53.07777777777778,16.802444444444447,45.2325,14.249999999999998,26.890888888888888,53.07777777777778,2
2018-10-04,53.12583333333333,64.85933333333332,21.750333333333334,57.163611111111116,19.680555555555554,33.688111111111105,64.85933333333332,2
2018-10-05,65.81208333333333,72.37072222222221,20.86888888888889,62.41555555555554,23.011111111111106,34.65683333333333,72.37072222222221,2
2018-10-06,38.28253968253969,51.24216666666666,11.381777777777778,38.560972222222226,10.983333333333334,26.880555555555556,51.24216666666666,2
2018-10-07,26.094761904761903,44.70977777777778,12.549222222222221,36.62694444444444,9.452777777777776,23.302611111111116,44.70977777777778,1
2018-10-08,32.63476190476191,51.44155555555555,14.848555555555555,45.030138888888885,11.4,23.392277777777778,51.44155555555555,2
2018-10-09,21.578888888888887,35.666222222222224,10.21288888888889,27.58375,7.83611111111111,25.764,35.666222222222224,1
2018-10-10,29.97333333333334,44.87844444444445,14.984444444444444,40.058333333333344,10.541666666666668,19.7145,44.87844444444445,1
2018-10-11,45.77746031746032,57.24988888888889,14.491444444444447,47.13930555555556,14.133333333333335,21.482833333333332,57.24988888888889,2
2018-10-12,61.016111111111115,65.32722222222222,15.997,65.59472222222223,19.777777777777775,15.067722222222221,65.59472222222223,2
2018-10-13,80.87194444444445,74.36327777777777,15.657888888888893,62.94736111111111,27.844444444444445,14.649000000000001,80.87194444444445,2
2018-10-14,106.66652777777777,88.47233333333332,20.272666666666666,60.205277777777766,28.80555555555555,23.897000000000002,106.66652777777777,3
2018-10-15,147.82680555555552,107.68388888888889,17.233,66.74819444444444,31.375000000000004,19.686166666666665,147.82680555555552,3
2018-10-16,62.58972222222223,59.785444444444444,10.777888888888889,44.191250000000004,19.680555555555557,23.594333333333328,62.58972222222223,2
2018-10-17,88.5761111111111,74.63711111111112,11.957666666666666,55.11805555555555,23.069444444444446,23.909333333333333,88.5761111111111,2
2018-10-18,83.26847222222223,68.03844444444445,10.87577777777778,48.286249999999995,20.716666666666665,27.157277777777782,83.26847222222223,2
2018-10-19,75.80666666666666,69.9028888888889,15.395555555555559,53.309305555555554,20.866666666666667,27.088444444444445,75.80666666666666,2
2018-10-20,69.48152777777779,69.1547222222222,17.00822222222222,64.56069444444444,22.48611111111111,19.666555555555554,69.48152777777779,2
2018-10-21,99.22416666666666,86.17144444444443,24.07177777777777,63.81625,27.644444444444442,19.964166666666667,99.22416666666666,2
2018-10-22,73.09541666666667,72.82322222222223,13.165333333333331,41.14874999999999,20.066666666666666,22.956222222222223,73.09541666666667,2
2018-10-23,33.22587301587301,52.54083333333334,14.403777777777778,43.74222222222222,12.983333333333336,22.516833333333334,52.54083333333334,2
2018-10-24,64.32194444444444,72.08061111111111,24.723444444444443,60.20791666666667,19.827777777777776,19.562555555555555,72.08061111111111,2
2018-10-25,58.21402777777778,66.02311111111112,17.21077777777778,46.28,15.519444444444444,20.734444444444442,66.02311111111112,2
2018-10-26,16.646190476190476,39.73433333333333,6.741666666666666,16.228194444444444,6.019444444444444,29.063666666666666,39.73433333333333,1
2018-10-27,21.655873015873016,35.52811111111111,12.097000000000001,33.66847222222222,9.994444444444445,21.491833333333332,35.52811111111111,1
2018-10-28,19.21047619047619,32.05988888888889,9.851333333333335,27.043749999999996,8.086111111111112,26.615166666666667,32.05988888888889,1
2018-10-29,30.423492063492066,42.78666666666666,14.972777777777779,40.91305555555555,10.436111111111112,20.362055555555557,42.78666666666666,1
2018-10-30,44.190317460317466,55.75672222222222,21.104222222222223,53.17277777777778,15.222222222222223,18.03661111111111,55.75672222222222,2
2018-10-31,70.27819444444444,75.69550000000001,27.043777777777777,76.96430555555555,22.183333333333334,14.311777777777777,76.96430555555555,2
2018-11-01,104.9898611111111,93.61483333333334,29.700888888888883,88.67875,28.705555555555556,16.215000000000003,104.9898611111111,3
2018-11-02,173.02349206349209,122.20272222222223,25.77577777777778,80.85680555555557,35.605555555555554,27.410500000000003,173.02349206349209,4
2018-11-03,184.0157142857143,122.08638888888889,23.107222222222223,86.59291666666667,35.74999999999999,25.728777777777783,184.0157142857143,4
2018-11-04,98.79236111111112,82.41,18.82777777777778,62.25527777777778,24.76666666666667,12.978444444444444,98.79236111111112,2
2018-11-05,52.15194444444445,51.959,14.871000000000002,40.43819444444444,18.194444444444446,7.858166666666666,52.15194444444445,2
2018-11-06,46.546031746031744,54.15533333333333,19.826111111111114,51.08763888888888,19.075000000000006,7.3068333333333335,54.15533333333333,2
2018-11-07,66.46708333333333,67.05683333333334,31.01666666666667,60.246111111111105,25.06111111111111,8.714833333333333,67.05683333333334,2
2018-11-08,103.79763888888887,86.43911111111112,33.589666666666666,62.34069444444444,31.913888888888884,12.831444444444443,103.79763888888887,3
2018-11-09,69.33430555555556,65.90277777777777,28.416222222222224,52.970555555555556,21.186111111111114,16.13288888888889,69.33430555555556,2
2018-11-10,70.66791666666667,69.95822222222222,20.501777777777775,66.60013888888888,20.91388888888889,9.326277777777777,70.66791666666667,2
2018-11-11,75.00763888888888,69.23827777777777,23.566555555555556,56.613194444444446,22.15277777777778,12.603777777777779,75.00763888888888,2
2018-11-12,90.06930555555554,77.54811111111113,24.726777777777773,60.67388888888889,25.325000000000003,13.167222222222222,90.06930555555554,2
2018-11-13,140.36305555555552,103.31216666666667,27.999555555555556,81.07430555555555,41.325,12.253666666666666,140.36305555555552,3
2018-11-14,188.51603174603173,123.20338888888888,22.894111111111112,71.05708333333334,46.927777777777784,17.80505555555556,188.51603174603173,4
2018-11-15,187.0668253968254,118.4661111111111,24.592000000000002,62.98750000000001,41.81111111111111,10.422777777777778,187.0668253968254,4
2018-11-16,44.03142857142858,46.901,11.54488888888889,31.05166666666667,13.16388888888889,17.46627777777778,46.901,1
2018-11-17,47.189682539682536,52.40672222222223,15.269777777777776,37.85916666666667,14.772222222222222,17.967444444444443,52.40672222222223,2
2018-11-18,40.53365079365079,51.17805555555556,16.784999999999997,39.42208333333333,13.77777777777778,20.05483333333333,51.17805555555556,2
2018-11-19,63.327638888888885,69.44583333333333,31.88688888888889,66.85111111111112,23.80833333333333,13.126722222222222,69.44583333333333,2
2018-11-20,85.7351388888889,81.56594444444445,33.90533333333334,76.64958333333334,26.225000000000005,10.898000000000001,85.7351388888889,2
2018-11-21,42.595238095238095,52.36394444444444,14.196333333333335,36.40652777777778,11.844444444444447,22.107611111111108,52.36394444444444,2
2018-11-22,47.6188888888889,60.571666666666665,26.646777777777785,53.534861111111105,18.79722222222222,15.39,60.571666666666665,2
2018-11-23,80.53194444444445,79.49672222222222,38.86366666666667,74.35583333333334,28.952777777777776,8.871333333333334,80.53194444444445,2
2018-11-24,82.25069444444443,79.30388888888889,38.22466666666666,71.76597222222223,30.93333333333333,11.363833333333332,82.25069444444443,2
2018-11-25,81.60833333333333,78.09416666666667,36.38477777777778,73.54208333333332,30.802777777777774,11.533722222222222,81.60833333333333,2
2018-11-26,114.10597222222222,130.11600000000004,35.69733333333333,69.95111111111112,30.950000000000006,12.892000000000001,130.11600000000004,3
2018-11-27,77.78847222222223,117.05727777777777,18.16488888888889,49.227083333333326,16.647222222222222,17.815277777777776,117.05727777777777,3
2018-11-28,118.38347222222224,142.94333333333333,39.28988888888888,79.46847222222222,32.82777777777778,8.82611111111111,142.94333333333333,3
2018-11-29,126.09083333333331,138.19483333333335,43.21799999999999,82.98722222222223,35.358333333333334,7.50461111111111,138.19483333333335,3
2018-11-30,127.52736111111112,125.15272222222222,46.99044444444445,94.13597222222222,41.06944444444444,7.3563333333333345,127.52736111111112,3
2018-12-01,165.05761904761903,141.55916666666667,42.13355555555556,98.06513888888888,47.37777777777778,5.653333333333333,165.05761904761903,4
2018-12-02,178.85603174603176,138.30594444444444,38.82988888888889,86.51916666666665,46.455555555555556,11.828166666666666,178.85603174603176,4
2018-12-03,86.53208333333333,138.82122222222222,15.034888888888887,36.49333333333333,14.477777777777778,21.465444444444444,138.82122222222222,3
2018-12-04,39.822698412698415,73.52255555555556,11.432,28.362083333333334,9.444444444444445,23.043166666666664,73.52255555555556,2
2018-12-05,81.12013888888889,87.8415,32.08033333333333,62.59374999999999,24.275000000000002,5.924000000000001,87.8415,2
2018-12-06,35.20063492063492,53.76394444444445,11.421444444444441,25.581666666666667,10.483333333333334,21.89405555555555,53.76394444444445,2
2018-12-07,31.102857142857147,46.43899999999999,17.870555555555555,31.796249999999997,12.461111111111112,18.903888888888886,46.43899999999999,1
2018-12-08,31.84682539682539,42.805,18.577,35.46666666666667,13.3,18.041777777777778,42.805,1
2018-12-09,73.97708333333334,71.51794444444445,41.06811111111111,63.4025,30.322222222222223,7.836222222222222,73.97708333333334,2
2018-12-10,119.9986111111111,96.976,48.08255555555556,79.63569444444444,44.36666666666667,4.609055555555556,119.9986111111111,3
2018-12-11,49.41174603174603,59.687333333333335,23.182111111111112,41.87166666666667,16.219444444444445,16.548333333333332,59.687333333333335,2
2018-12-12,58.36083333333334,64.04877777777779,42.60677777777778,54.71527777777777,23.48888888888889,13.253,64.04877777777779,2
2018-12-13,76.90625,70.8278888888889,48.26511111111112,64.08305555555555,25.986111111111114,10.442166666666667,76.90625,2
2018-12-14,101.92458333333335,90.99161111111111,48.7118888888889,83.87277777777777,38.71944444444445,5.981166666666667,101.92458333333335,3
2018-12-15,135.4284722222222,95.28672222222222,69.00466666666668,63.76444444444445,31.672222222222224,9.954333333333333,135.4284722222222,3
2018-12-16,56.210694444444435,69.26694444444445,23.984777777777776,41.37527777777778,19.94166666666667,19.686333333333337,69.26694444444445,2
2018-12-17,41.130158730158726,57.50738888888889,25.824777777777783,44.21708333333334,16.547222222222224,18.63472222222222,57.50738888888889,2
2018-12-18,57.7525,64.78266666666667,38.24333333333333,62.84902777777778,23.897222222222222,13.768055555555556,64.78266666666667,2
2018-12-19,57.787499999999994,65.6693888888889,26.15355555555556,73.37361111111112,25.352777777777774,11.870777777777779,73.37361111111112,2
2018-12-20,111.43902777777777,95.90766666666666,45.33644444444445,91.51305555555555,42.86666666666667,6.702666666666669,111.43902777777777,3
2018-12-21,65.71833333333333,65.8933888888889,31.398111111111117,55.21638888888888,22.763888888888893,13.54566666666667,65.8933888888889,2
2018-12-22,49.63253968253969,53.635333333333335,33.55155555555556,47.45166666666667,17.222222222222225,14.222777777777775,53.635333333333335,2
2018-12-23,36.20777777777778,43.236333333333334,32.67633333333333,24.014166666666664,10.42222222222222,21.395444444444447,43.236333333333334,1
2018-12-24,74.58291666666668,78.07666666666668,51.522333333333336,66.57097222222222,32.05555555555556,11.972833333333334,78.07666666666668,2
2018-12-25,88.72333333333336,81.7895,46.73455555555555,73.59833333333334,32.613888888888894,10.425666666666666,88.72333333333336,2
2018-12-26,76.59111111111112,73.6321111111111,25.75066666666667,64.005,29.430555555555554,9.278166666666666,76.59111111111112,2
2018-12-27,69.06458333333333,68.38399999999999,13.191888888888888,41.14041666666667,22.038888888888888,12.523666666666665,69.06458333333333,2
2018-12-28,28.7215873015873,43.189666666666675,14.971555555555554,24.026805555555555,12.883333333333333,22.373722222222217,43.189666666666675,1
2018-12-29,37.81031746031746,46.70477777777777,23.301666666666666,42.41708333333334,15.447222222222223,16.54861111111111,46.70477777777777,1
2018-12-30,95.89166666666665,76.28416666666666,52.182833333333335,60.492083333333326,26.225000000000005,7.165611111111112,95.89166666666665,2
2018-12-31,120.59125,91.01066666666667,45.885,82.61583333333334,38.58888888888889,6.0953888888888885,120.59125,3
